Employee ID,Basic Salary,HRA,Allowances,Deductions,Net Salary,Payment Date
1001,62563,12512.6,6256.3,2255,79076.90000000001,2024-06-06
1002,38360,7672.0,3836.0,1412,48456.0,2024-07-11
1003,56837,11367.400000000001,5683.700000000001,2541,71347.09999999999,2024-04-30
1004,37697,7539.400000000001,3769.7000000000003,2670,46336.1,2024-04-25
1005,30247,6049.400000000001,3024.7000000000003,3763,35558.1,2024-03-15
1006,51737,10347.400000000001,5173.700000000001,4746,62512.100000000006,2024-05-19
1007,39298,7859.6,3929.8,2232,48855.4,2024-03-18
1008,47769,9553.800000000001,4776.900000000001,4910,57189.700000000004,2024-02-27
1009,56127,11225.400000000001,5612.700000000001,1708,71257.09999999999,2024-01-28
1010,35297,7059.400000000001,3529.7000000000003,4032,41854.1,2024-07-17
1011,60322,12064.400000000001,6032.200000000001,3363,75055.59999999999,2024-03-11
1012,36054,7210.8,3605.4,4538,42332.200000000004,2024-01-15
1013,47950,9590.0,4795.0,1425,60910.0,2024-02-21
1014,40796,8159.200000000001,4079.6000000000004,1397,51637.799999999996,2024-09-19
1015,32888,6577.6,3288.8,1957,40797.4,2024-01-28
1016,46255,9251.0,4625.5,3499,56632.5,2024-07-01
1017,56964,11392.800000000001,5696.400000000001,3492,70561.2,2024-09-05
1018,59012,11802.400000000001,5901.200000000001,4689,72026.59999999999,2024-08-28
1019,33938,6787.6,3393.8,3676,40443.4,2024-09-10
1020,33311,6662.200000000001,3331.1000000000004,2409,40895.299999999996,2024-02-14
1021,63495,12699.0,6349.5,2186,80357.5,2024-04-19
1022,43609,8721.800000000001,4360.900000000001,2334,54357.700000000004,2024-06-24
1023,64733,12946.6,6473.3,2954,81198.90000000001,2024-03-08
1024,64503,12900.6,6450.3,2980,80873.90000000001,2024-07-25
1025,68705,13741.0,6870.5,4643,84673.5,2024-04-28
1026,58619,11723.800000000001,5861.900000000001,4105,72099.7,2024-04-20
1027,69216,13843.2,6921.6,1678,88302.8,2024-05-12
1028,58788,11757.6,5878.8,1261,75163.40000000001,2024-05-06
1029,35946,7189.200000000001,3594.6000000000004,4728,42001.799999999996,2024-06-24
1030,44107,8821.4,4410.7,1155,56184.1,2024-02-10
1031,47711,9542.2,4771.1,3405,58619.299999999996,2024-07-27
1032,37284,7456.8,3728.4,2699,45770.200000000004,2024-04-26
1033,54074,10814.800000000001,5407.400000000001,3834,66462.2,2024-02-15
1034,36923,7384.6,3692.3,4458,43541.9,2024-01-05
1035,49605,9921.0,4960.5,3628,60858.5,2024-08-06
1036,31277,6255.400000000001,3127.7000000000003,2966,37694.1,2024-03-11
1037,50387,10077.400000000001,5038.700000000001,1205,64298.100000000006,2024-05-29
1038,58050,11610.0,5805.0,2992,72473.0,2024-03-04
1039,59702,11940.400000000001,5970.200000000001,3881,73731.59999999999,2024-02-26
1040,38133,7626.6,3813.3,4461,45111.9,2024-04-24
1041,33335,6667.0,3333.5,2467,40868.5,2024-01-18
1042,44073,8814.6,4407.3,4191,53103.9,2024-08-24
1043,68512,13702.400000000001,6851.200000000001,4776,84289.59999999999,2024-06-17
1044,54084,10816.800000000001,5408.400000000001,2148,68161.2,2024-03-01
1045,31513,6302.6,3151.3,1365,39601.9,2024-09-16
1046,44828,8965.6,4482.8,4116,54160.4,2024-08-04
1047,43627,8725.4,4362.7,2713,54002.1,2024-03-08
1048,52505,10501.0,5250.5,1782,66474.5,2024-04-05
1049,35388,7077.6,3538.8,1394,44610.4,2024-01-28
1050,48763,9752.6,4876.3,2097,61294.9,2024-05-17
1051,62569,12513.800000000001,6256.900000000001,2253,79086.7,2024-05-05
1052,59282,11856.400000000001,5928.200000000001,2976,74090.59999999999,2024-03-30
1053,55555,11111.0,5555.5,4969,67252.5,2024-05-16
1054,47095,9419.0,4709.5,3801,57422.5,2024-03-23
1055,38574,7714.8,3857.4,2286,47860.200000000004,2024-08-06
1056,54679,10935.800000000001,5467.900000000001,2196,68886.7,2024-02-23
1057,42243,8448.6,4224.3,3608,51307.9,2024-01-21
1058,33386,6677.200000000001,3338.6000000000004,3907,39494.799999999996,2024-08-15
1059,64189,12837.800000000001,6418.900000000001,1216,82229.7,2024-05-20
1060,43112,8622.4,4311.2,2806,53239.6,2024-04-20
1061,53327,10665.400000000001,5332.700000000001,2768,66557.1,2024-02-22
1062,54732,10946.400000000001,5473.200000000001,4234,66917.59999999999,2024-09-12
1063,51807,10361.400000000001,5180.700000000001,2269,65080.100000000006,2024-03-04
1064,41143,8228.6,4114.3,3227,50258.9,2024-01-23
1065,30871,6174.200000000001,3087.1000000000004,3895,36237.299999999996,2024-05-16
1066,50061,10012.2,5006.1,3365,61714.299999999996,2024-03-18
1067,30336,6067.200000000001,3033.6000000000004,1768,37668.799999999996,2024-05-28
1068,50021,10004.2,5002.1,2400,62627.299999999996,2024-03-19
1069,36179,7235.8,3617.9,2913,44119.700000000004,2024-01-21
1070,42724,8544.800000000001,4272.400000000001,4318,51223.200000000004,2024-07-28
1071,45194,9038.800000000001,4519.400000000001,2361,56391.200000000004,2024-08-19
1072,51266,10253.2,5126.6,4242,62403.8,2024-05-28
1073,35831,7166.200000000001,3583.1000000000004,1736,44844.299999999996,2024-01-23
1074,41912,8382.4,4191.2,4355,50130.6,2024-02-26
1075,36071,7214.200000000001,3607.1000000000004,3532,43360.299999999996,2024-09-17
1076,32120,6424.0,3212.0,3159,38597.0,2024-03-10
1077,53941,10788.2,5394.1,3623,66500.3,2024-03-25
1078,42607,8521.4,4260.7,2878,52511.1,2024-04-26
1079,46470,9294.0,4647.0,4846,55565.0,2024-02-25
1080,42604,8520.800000000001,4260.400000000001,2829,52556.200000000004,2024-06-05
1081,30677,6135.400000000001,3067.7000000000003,2517,37363.1,2024-05-06
1082,63566,12713.2,6356.6,3777,78858.8,2024-06-22
1083,60611,12122.2,6061.1,3143,75651.3,2024-04-10
1084,64012,12802.400000000001,6401.200000000001,4634,78581.59999999999,2024-06-21
1085,43560,8712.0,4356.0,4862,51766.0,2024-04-28
1086,58860,11772.0,5886.0,1091,75427.0,2024-02-18
1087,44232,8846.4,4423.2,2019,55482.6,2024-08-31
1088,47234,9446.800000000001,4723.400000000001,1200,60204.200000000004,2024-09-12
1089,36648,7329.6,3664.8,1698,45944.4,2024-02-03
1090,61102,12220.400000000001,6110.200000000001,4567,74865.59999999999,2024-05-16
1091,62775,12555.0,6277.5,4199,77408.5,2024-06-20
1092,53174,10634.800000000001,5317.400000000001,2123,67003.2,2024-08-31
1093,37283,7456.6,3728.3,2537,45930.9,2024-01-27
1094,63682,12736.400000000001,6368.200000000001,3632,79154.59999999999,2024-07-04
1095,56715,11343.0,5671.5,4871,68858.5,2024-08-27
1096,48674,9734.800000000001,4867.400000000001,1060,62216.200000000004,2024-03-20
1097,38122,7624.400000000001,3812.2000000000003,4629,44929.6,2024-05-13
1098,45906,9181.2,4590.6,4473,55204.799999999996,2024-07-31
1099,50470,10094.0,5047.0,1734,63877.0,2024-07-25
1100,30442,6088.400000000001,3044.2000000000003,3270,36304.6,2024-04-18
1101,41029,8205.800000000001,4102.900000000001,3098,50239.700000000004,2024-09-18
1102,53982,10796.400000000001,5398.200000000001,1795,68381.6,2024-07-29
1103,52680,10536.0,5268.0,3605,64879.0,2024-02-03
1104,54428,10885.6,5442.8,2600,68156.4,2024-07-28
1105,33584,6716.8,3358.4,3563,40096.200000000004,2024-02-29
1106,58620,11724.0,5862.0,3342,72864.0,2024-03-19
1107,32080,6416.0,3208.0,3999,37705.0,2024-07-03
1108,32269,6453.8,3226.9,2138,39811.700000000004,2024-03-30
1109,66966,13393.2,6696.6,3496,83559.8,2024-08-06
1110,55902,11180.400000000001,5590.200000000001,3833,68839.59999999999,2024-08-09
1111,31838,6367.6,3183.8,3503,37886.4,2024-02-12
1112,59913,11982.6,5991.3,4838,73048.90000000001,2024-02-29
1113,64851,12970.2,6485.1,4740,79566.3,2024-05-03
1114,37893,7578.6,3789.3,3685,45575.9,2024-06-10
1115,61443,12288.6,6144.3,4759,75116.90000000001,2024-06-12
1116,48523,9704.6,4852.3,3660,59419.9,2024-06-01
1117,44145,8829.0,4414.5,2017,55371.5,2024-06-05
1118,58295,11659.0,5829.5,2717,73066.5,2024-01-29
1119,61451,12290.2,6145.1,4200,75686.3,2024-02-29
1120,50240,10048.0,5024.0,2374,62938.0,2024-02-01
1121,39532,7906.400000000001,3953.2000000000003,4327,47064.6,2024-09-05
1122,63108,12621.6,6310.8,2180,79860.40000000001,2024-07-08
1123,66873,13374.6,6687.3,2831,84103.90000000001,2024-09-17
1124,43890,8778.0,4389.0,1187,55870.0,2024-01-03
1125,51425,10285.0,5142.5,3268,63584.5,2024-04-02
1126,55044,11008.800000000001,5504.400000000001,3158,68399.2,2024-09-17
1127,61930,12386.0,6193.0,4826,75683.0,2024-05-23
1128,61846,12369.2,6184.6,3289,77110.8,2024-04-18
1129,43132,8626.4,4313.2,3715,52356.6,2024-01-18
1130,40016,8003.200000000001,4001.6000000000004,3494,48526.799999999996,2024-02-05
1131,52882,10576.400000000001,5288.200000000001,4804,63942.600000000006,2024-04-18
1132,54083,10816.6,5408.3,4184,66123.9,2024-08-28
1133,45867,9173.4,4586.7,4822,54805.1,2024-05-21
1134,65863,13172.6,6586.3,1459,84162.90000000001,2024-07-24
1135,48548,9709.6,4854.8,3351,59761.4,2024-04-01
1136,50591,10118.2,5059.1,2916,62852.3,2024-01-30
1137,45600,9120.0,4560.0,3518,55762.0,2024-06-04
1138,54149,10829.800000000001,5414.900000000001,1138,69255.7,2024-02-09
1139,69807,13961.400000000001,6980.700000000001,2052,88697.09999999999,2024-06-10
1140,48649,9729.800000000001,4864.900000000001,1123,62120.700000000004,2024-02-29
1141,42429,8485.800000000001,4242.900000000001,4726,50431.700000000004,2024-02-10
1142,38806,7761.200000000001,3880.6000000000004,2581,47866.799999999996,2024-01-23
1143,62842,12568.400000000001,6284.200000000001,3475,78219.59999999999,2024-03-16
1144,59621,11924.2,5962.1,3721,73786.3,2024-06-13
1145,35074,7014.8,3507.4,4208,41388.200000000004,2024-08-07
1146,53465,10693.0,5346.5,2844,66660.5,2024-05-02
1147,66271,13254.2,6627.1,3841,82311.3,2024-03-01
1148,65071,13014.2,6507.1,3725,80867.3,2024-07-07
1149,33067,6613.400000000001,3306.7000000000003,4884,38103.1,2024-09-10
1150,66259,13251.800000000001,6625.900000000001,1874,84262.7,2024-06-29
1151,43757,8751.4,4375.7,3120,53764.1,2024-05-22
1152,58443,11688.6,5844.3,4624,71351.90000000001,2024-05-19
1153,35056,7011.200000000001,3505.6000000000004,3665,41907.799999999996,2024-03-30
1154,60590,12118.0,6059.0,1858,76909.0,2024-09-13
1155,39220,7844.0,3922.0,3244,47742.0,2024-06-13
1156,44700,8940.0,4470.0,1792,56318.0,2024-03-11
1157,50303,10060.6,5030.3,3060,62333.9,2024-09-01
1158,59394,11878.800000000001,5939.400000000001,3814,73398.2,2024-08-27
1159,53831,10766.2,5383.1,3489,66491.3,2024-08-20
1160,36631,7326.200000000001,3663.1000000000004,3122,44498.299999999996,2024-09-15
1161,33787,6757.400000000001,3378.7000000000003,3910,40013.1,2024-02-16
1162,66690,13338.0,6669.0,4697,82000.0,2024-08-13
1163,55930,11186.0,5593.0,2020,70689.0,2024-08-07
1164,49143,9828.6,4914.3,4942,58943.9,2024-07-26
1165,40840,8168.0,4084.0,2096,50996.0,2024-09-09
1166,49741,9948.2,4974.1,4688,59975.299999999996,2024-08-31
1167,33956,6791.200000000001,3395.6000000000004,3509,40633.799999999996,2024-01-22
1168,33875,6775.0,3387.5,1577,42460.5,2024-05-11
1169,62762,12552.400000000001,6276.200000000001,2947,78643.59999999999,2024-01-17
1170,55749,11149.800000000001,5574.900000000001,4229,68244.7,2024-05-10
1171,36246,7249.200000000001,3624.6000000000004,1639,45480.799999999996,2024-02-17
1172,40240,8048.0,4024.0,4939,47373.0,2024-07-16
1173,69030,13806.0,6903.0,3434,86305.0,2024-04-01
1174,49743,9948.6,4974.3,4502,60163.9,2024-04-22
1175,39356,7871.200000000001,3935.6000000000004,3113,48049.799999999996,2024-06-29
1176,52219,10443.800000000001,5221.900000000001,4356,63528.7,2024-03-14
1177,39059,7811.8,3905.9,2144,48632.700000000004,2024-05-12
1178,45805,9161.0,4580.5,3135,56411.5,2024-03-20
1179,31749,6349.8,3174.9,1098,40175.700000000004,2024-08-26
1180,66967,13393.400000000001,6696.700000000001,1951,85106.09999999999,2024-06-03
1181,61257,12251.400000000001,6125.700000000001,3671,75963.09999999999,2024-01-01
1182,34108,6821.6,3410.8,3047,41293.4,2024-08-29
1183,39079,7815.8,3907.9,3989,46813.700000000004,2024-09-03
1184,65317,13063.400000000001,6531.700000000001,4919,79993.09999999999,2024-09-12
1185,50261,10052.2,5026.1,1566,63773.299999999996,2024-06-10
1186,49607,9921.400000000001,4960.700000000001,4395,60094.100000000006,2024-09-02
1187,39928,7985.6,3992.8,4698,47208.4,2024-03-02
1188,54047,10809.400000000001,5404.700000000001,4078,66183.1,2024-08-14
1189,58835,11767.0,5883.5,2702,73783.5,2024-08-12
1190,57939,11587.800000000001,5793.900000000001,1957,73363.7,2024-01-07
1191,44153,8830.6,4415.3,1304,56094.9,2024-03-12
1192,64293,12858.6,6429.3,2705,80875.90000000001,2024-06-21
1193,53116,10623.2,5311.6,3487,65563.8,2024-09-20
1194,61790,12358.0,6179.0,4792,75535.0,2024-05-02
1195,31933,6386.6,3193.3,2930,38582.9,2024-01-28
1196,67690,13538.0,6769.0,4327,83670.0,2024-08-15
1197,37138,7427.6,3713.8,1564,46715.4,2024-06-24
1198,62307,12461.400000000001,6230.700000000001,2828,78171.09999999999,2024-07-11
1199,67121,13424.2,6712.1,3389,83868.3,2024-04-30
1200,67676,13535.2,6767.6,3931,84047.8,2024-08-05
1201,47541,9508.2,4754.1,4755,57048.299999999996,2024-04-03
1202,50105,10021.0,5010.5,3667,61469.5,2024-08-28
1203,58156,11631.2,5815.6,3591,72011.8,2024-06-11
1204,47227,9445.4,4722.7,4970,56425.1,2024-02-16
1205,68488,13697.6,6848.8,2977,86057.40000000001,2024-05-08
1206,69907,13981.400000000001,6990.700000000001,2002,88877.09999999999,2024-08-22
1207,33028,6605.6,3302.8,2296,40640.4,2024-06-05
1208,64385,12877.0,6438.5,1946,81754.5,2024-08-05
1209,42934,8586.800000000001,4293.400000000001,2278,53536.200000000004,2024-02-08
1210,59783,11956.6,5978.3,3763,73954.90000000001,2024-07-24
1211,54103,10820.6,5410.3,4808,65525.899999999994,2024-09-05
1212,50437,10087.400000000001,5043.700000000001,3368,62200.100000000006,2024-06-25
1213,41524,8304.800000000001,4152.400000000001,2958,51023.200000000004,2024-09-11
1214,67447,13489.400000000001,6744.700000000001,4283,83398.09999999999,2024-02-13
1215,46546,9309.2,4654.6,3257,57252.799999999996,2024-06-28
1216,36149,7229.8,3614.9,3714,43279.700000000004,2024-03-10
1217,59352,11870.400000000001,5935.200000000001,4400,72757.59999999999,2024-02-03
1218,47854,9570.800000000001,4785.400000000001,4954,57256.200000000004,2024-02-20
1219,36230,7246.0,3623.0,4743,42356.0,2024-07-26
1220,57907,11581.400000000001,5790.700000000001,1166,74113.09999999999,2024-01-07
1221,37533,7506.6,3753.3,4748,44044.9,2024-08-28
1222,65245,13049.0,6524.5,5000,79818.5,2024-01-27
1223,51929,10385.800000000001,5192.900000000001,2843,64664.7,2024-01-01
1224,69463,13892.6,6946.3,3552,86749.90000000001,2024-02-27
1225,37139,7427.8,3713.9,3624,44656.700000000004,2024-09-08
1226,35493,7098.6,3549.3,2090,44050.9,2024-01-10
1227,52296,10459.2,5229.6,3024,64960.8,2024-07-12
1228,63944,12788.800000000001,6394.400000000001,2305,80822.2,2024-02-23
1229,37393,7478.6,3739.3,1857,46753.9,2024-05-04
1230,41882,8376.4,4188.2,4225,50221.6,2024-02-13
1231,69328,13865.6,6932.8,1528,88598.40000000001,2024-05-15
1232,58672,11734.400000000001,5867.200000000001,3696,72577.59999999999,2024-01-04
1233,67081,13416.2,6708.1,3551,83654.3,2024-01-09
1234,66548,13309.6,6654.8,2103,84409.40000000001,2024-04-14
1235,54619,10923.800000000001,5461.900000000001,1082,69922.7,2024-07-24
1236,56644,11328.800000000001,5664.400000000001,4840,68797.2,2024-08-25
1237,43720,8744.0,4372.0,3757,53079.0,2024-03-12
1238,55375,11075.0,5537.5,1511,70476.5,2024-07-25
1239,68227,13645.400000000001,6822.700000000001,4884,83811.09999999999,2024-03-24
1240,40664,8132.8,4066.4,3039,49824.200000000004,2024-06-30
1241,57455,11491.0,5745.5,1478,73213.5,2024-04-18
1242,32541,6508.200000000001,3254.1000000000004,2005,40298.299999999996,2024-08-13
1243,42571,8514.2,4257.1,2763,52579.299999999996,2024-09-17
1244,31425,6285.0,3142.5,1372,39480.5,2024-04-19
1245,42186,8437.2,4218.6,4802,50039.799999999996,2024-04-16
1246,34338,6867.6,3433.8,3856,40783.4,2024-01-05
1247,30760,6152.0,3076.0,3750,36238.0,2024-02-16
1248,36118,7223.6,3611.8,2248,44705.4,2024-05-04
1249,55693,11138.6,5569.3,4271,68129.90000000001,2024-03-14
1250,52048,10409.6,5204.8,4490,63172.399999999994,2024-08-18
1251,33756,6751.200000000001,3375.6000000000004,2811,41071.799999999996,2024-03-17
1252,68307,13661.400000000001,6830.700000000001,3137,85662.09999999999,2024-09-14
1253,48992,9798.4,4899.2,2209,61480.6,2024-01-04
1254,54131,10826.2,5413.1,3562,66808.3,2024-01-25
1255,31066,6213.200000000001,3106.6000000000004,2391,37994.799999999996,2024-01-24
1256,40151,8030.200000000001,4015.1000000000004,2510,49686.299999999996,2024-07-07
1257,33598,6719.6,3359.8,1281,42396.4,2024-04-12
1258,52000,10400.0,5200.0,2057,65543.0,2024-07-15
1259,57056,11411.2,5705.6,1561,72611.8,2024-04-29
1260,33411,6682.200000000001,3341.1000000000004,2151,41283.299999999996,2024-08-31
1261,58013,11602.6,5801.3,1184,74232.90000000001,2024-07-17
1262,51692,10338.400000000001,5169.200000000001,2071,65128.600000000006,2024-07-30
1263,44444,8888.800000000001,4444.400000000001,2842,54935.200000000004,2024-09-04
1264,31774,6354.8,3177.4,3014,38292.200000000004,2024-07-19
1265,56297,11259.400000000001,5629.700000000001,2121,71065.09999999999,2024-03-11
1266,55699,11139.800000000001,5569.900000000001,4580,67828.7,2024-09-06
1267,34687,6937.400000000001,3468.7000000000003,3892,41201.1,2024-04-07
1268,57826,11565.2,5782.6,4797,70376.8,2024-07-30
1269,50336,10067.2,5033.6,2776,62660.799999999996,2024-01-04
1270,61014,12202.800000000001,6101.400000000001,3894,75424.2,2024-05-18
1271,38629,7725.8,3862.9,2213,48004.700000000004,2024-06-26
1272,67551,13510.2,6755.1,2429,85387.3,2024-05-11
1273,51836,10367.2,5183.6,5000,62386.8,2024-02-17
1274,66415,13283.0,6641.5,4883,81456.5,2024-01-14
1275,38167,7633.400000000001,3816.7000000000003,1769,47848.1,2024-03-03
1276,31670,6334.0,3167.0,3539,37632.0,2024-07-01
1277,54271,10854.2,5427.1,3390,67162.3,2024-07-01
1278,60071,12014.2,6007.1,1425,76667.3,2024-01-28
1279,30993,6198.6,3099.3,4219,36071.9,2024-01-23
1280,68020,13604.0,6802.0,1787,86639.0,2024-02-26
1281,30837,6167.400000000001,3083.7000000000003,3295,36793.1,2024-01-10
1282,38873,7774.6,3887.3,2782,47752.9,2024-05-17
1283,39071,7814.200000000001,3907.1000000000004,1130,49662.299999999996,2024-04-01
1284,42605,8521.0,4260.5,2250,53136.5,2024-09-11
1285,47335,9467.0,4733.5,2760,58775.5,2024-08-10
1286,68384,13676.800000000001,6838.400000000001,1076,87823.2,2024-02-27
1287,39947,7989.400000000001,3994.7000000000003,4928,47003.1,2024-03-20
1288,48445,9689.0,4844.5,1587,61391.5,2024-06-28
1289,61890,12378.0,6189.0,1016,79441.0,2024-05-04
1290,37237,7447.400000000001,3723.7000000000003,1832,46576.1,2024-01-12
1291,64859,12971.800000000001,6485.900000000001,1239,83077.7,2024-08-12
1292,36787,7357.400000000001,3678.7000000000003,4771,43052.1,2024-04-20
1293,63098,12619.6,6309.8,3199,78828.40000000001,2024-02-20
1294,41546,8309.2,4154.6,4625,49384.799999999996,2024-07-24
1295,61966,12393.2,6196.6,3898,76657.8,2024-09-07
1296,63345,12669.0,6334.5,2386,79962.5,2024-07-14
1297,50672,10134.400000000001,5067.200000000001,2963,62910.600000000006,2024-02-28
1298,46663,9332.6,4666.3,2963,57698.9,2024-06-03
1299,50669,10133.800000000001,5066.900000000001,3261,62608.7,2024-04-02
1300,59464,11892.800000000001,5946.400000000001,4327,72976.2,2024-08-23
1301,51130,10226.0,5113.0,2469,64000.0,2024-06-28
1302,32330,6466.0,3233.0,3011,39018.0,2024-08-29
1303,53843,10768.6,5384.3,2053,67942.9,2024-04-17
1304,47642,9528.4,4764.2,1781,60153.6,2024-09-20
1305,65676,13135.2,6567.6,3479,81899.8,2024-09-18
1306,43076,8615.2,4307.6,3614,52384.799999999996,2024-02-22
1307,58617,11723.400000000001,5861.700000000001,3034,73168.09999999999,2024-08-30
1308,32303,6460.6,3230.3,1381,40612.9,2024-03-01
1309,45354,9070.800000000001,4535.400000000001,1877,57083.200000000004,2024-06-03
1310,38281,7656.200000000001,3828.1000000000004,3766,45999.299999999996,2024-01-25
1311,58748,11749.6,5874.8,1683,74689.40000000001,2024-03-21
1312,47593,9518.6,4759.3,4755,57115.9,2024-01-01
1313,66559,13311.800000000001,6655.900000000001,1298,85228.7,2024-06-12
1314,55288,11057.6,5528.8,1711,70163.40000000001,2024-05-13
1315,37291,7458.200000000001,3729.1000000000004,2860,45618.299999999996,2024-02-13
1316,48241,9648.2,4824.1,3668,59045.299999999996,2024-03-27
1317,44365,8873.0,4436.5,1780,55894.5,2024-04-30
1318,38211,7642.200000000001,3821.1000000000004,2452,47222.299999999996,2024-01-23
1319,61226,12245.2,6122.6,3377,76216.8,2024-06-12
1320,35887,7177.400000000001,3588.7000000000003,2576,44077.1,2024-06-04
1321,60852,12170.400000000001,6085.200000000001,3240,75867.59999999999,2024-01-20
1322,42399,8479.800000000001,4239.900000000001,2452,52666.700000000004,2024-08-04
1323,46194,9238.800000000001,4619.400000000001,4421,55631.200000000004,2024-04-29
1324,45557,9111.4,4555.7,4554,54670.1,2024-04-08
1325,43995,8799.0,4399.5,1103,56090.5,2024-05-21
1326,30764,6152.8,3076.4,2858,37135.200000000004,2024-07-01
1327,61596,12319.2,6159.6,2867,77207.8,2024-06-07
1328,58624,11724.800000000001,5862.400000000001,4576,71635.2,2024-03-12
1329,68554,13710.800000000001,6855.400000000001,2494,86626.2,2024-06-27
1330,46675,9335.0,4667.5,1864,58813.5,2024-02-08
1331,51423,10284.6,5142.3,1110,65739.9,2024-01-14
1332,55260,11052.0,5526.0,4137,67701.0,2024-06-27
1333,50838,10167.6,5083.8,2632,63457.399999999994,2024-09-01
1334,48787,9757.4,4878.7,4425,58998.1,2024-05-04
1335,48828,9765.6,4882.8,2665,60811.4,2024-09-07
1336,43311,8662.2,4331.1,3693,52611.299999999996,2024-01-01
1337,37112,7422.400000000001,3711.2000000000003,1865,46380.6,2024-05-18
1338,37480,7496.0,3748.0,3830,44894.0,2024-03-31
1339,68585,13717.0,6858.5,2885,86275.5,2024-03-16
1340,55015,11003.0,5501.5,3302,68217.5,2024-01-11
1341,51958,10391.6,5195.8,4509,63036.399999999994,2024-03-11
1342,63610,12722.0,6361.0,3438,79255.0,2024-07-14
1343,33890,6778.0,3389.0,3668,40389.0,2024-05-13
1344,67278,13455.6,6727.8,4570,82891.40000000001,2024-07-21
1345,53628,10725.6,5362.8,4236,65480.399999999994,2024-08-23
1346,55872,11174.400000000001,5587.200000000001,1276,71357.59999999999,2024-01-08
1347,66770,13354.0,6677.0,1501,85300.0,2024-08-17
1348,31896,6379.200000000001,3189.6000000000004,3311,38153.799999999996,2024-04-07
1349,55671,11134.2,5567.1,2623,69749.3,2024-04-09
1350,46635,9327.0,4663.5,1880,58745.5,2024-06-17
1351,42617,8523.4,4261.7,2601,52801.1,2024-04-26
1352,69459,13891.800000000001,6945.900000000001,3861,86435.7,2024-08-12
1353,47272,9454.4,4727.2,4742,56711.6,2024-08-12
1354,34082,6816.400000000001,3408.2000000000003,1012,43294.6,2024-02-20
1355,30619,6123.8,3061.9,3355,36449.700000000004,2024-01-04
1356,62923,12584.6,6292.3,2289,79510.90000000001,2024-09-06
1357,49404,9880.800000000001,4940.400000000001,3415,60810.200000000004,2024-03-09
1358,32319,6463.8,3231.9,2387,39627.700000000004,2024-07-12
1359,41609,8321.800000000001,4160.900000000001,3928,50163.700000000004,2024-07-28
1360,53598,10719.6,5359.8,3963,65714.4,2024-03-18
1361,33710,6742.0,3371.0,1976,41847.0,2024-05-01
1362,47401,9480.2,4740.1,2041,59580.299999999996,2024-07-23
1363,68410,13682.0,6841.0,1669,87264.0,2024-04-13
1364,58641,11728.2,5864.1,2014,74219.3,2024-04-01
1365,37010,7402.0,3701.0,4643,43470.0,2024-07-10
1366,44630,8926.0,4463.0,1997,56022.0,2024-02-02
1367,55151,11030.2,5515.1,1863,69833.3,2024-05-15
1368,64502,12900.400000000001,6450.200000000001,1023,82829.59999999999,2024-04-23
1369,55027,11005.400000000001,5502.700000000001,2353,69182.09999999999,2024-05-04
1370,36854,7370.8,3685.4,2692,45218.200000000004,2024-03-09
1371,46357,9271.4,4635.7,2597,57667.1,2024-03-10
1372,67895,13579.0,6789.5,4156,84107.5,2024-06-26
1373,56158,11231.6,5615.8,2254,70751.40000000001,2024-07-11
1374,45952,9190.4,4595.2,4749,54988.6,2024-06-06
1375,30020,6004.0,3002.0,4387,34639.0,2024-08-09
1376,66897,13379.400000000001,6689.700000000001,2238,84728.09999999999,2024-01-11
1377,52985,10597.0,5298.5,4273,64607.5,2024-03-06
1378,38159,7631.8,3815.9,3996,45610.700000000004,2024-07-11
1379,56281,11256.2,5628.1,1255,71910.3,2024-02-14
1380,33369,6673.8,3336.9,1398,41981.700000000004,2024-08-26
1381,63492,12698.400000000001,6349.200000000001,2983,79556.59999999999,2024-02-28
1382,51572,10314.400000000001,5157.200000000001,4324,62719.600000000006,2024-01-17
1383,52357,10471.400000000001,5235.700000000001,1931,66133.1,2024-07-02
1384,32791,6558.200000000001,3279.1000000000004,4781,37847.299999999996,2024-07-13
1385,44733,8946.6,4473.3,2369,55783.9,2024-03-22
1386,32123,6424.6,3212.3,2358,39401.9,2024-06-14
1387,48378,9675.6,4837.8,1605,61286.4,2024-07-30
1388,33882,6776.400000000001,3388.2000000000003,4684,39362.6,2024-05-19
1389,60994,12198.800000000001,6099.400000000001,2829,76463.2,2024-09-09
1390,55371,11074.2,5537.1,4065,67917.3,2024-05-19
1391,36058,7211.6,3605.8,1927,44948.4,2024-06-17
1392,66694,13338.800000000001,6669.400000000001,3461,83241.2,2024-08-10
1393,30577,6115.400000000001,3057.7000000000003,4284,35466.1,2024-04-11
1394,63724,12744.800000000001,6372.400000000001,4279,78562.2,2024-08-07
1395,35253,7050.6,3525.3,2830,42998.9,2024-05-22
1396,41870,8374.0,4187.0,3019,51412.0,2024-05-31
1397,69155,13831.0,6915.5,2607,87294.5,2024-09-03
1398,47469,9493.800000000001,4746.900000000001,2504,59205.700000000004,2024-07-18
1399,47092,9418.4,4709.2,4239,56980.6,2024-04-09
1400,38782,7756.400000000001,3878.2000000000003,1594,48822.6,2024-05-07
1401,44070,8814.0,4407.0,4813,52478.0,2024-01-20
1402,44093,8818.6,4409.3,4350,52970.9,2024-08-27
1403,50328,10065.6,5032.8,3020,62406.4,2024-04-10
1404,58504,11700.800000000001,5850.400000000001,4861,71194.2,2024-02-29
1405,61021,12204.2,6102.1,2505,76822.3,2024-04-09
1406,64414,12882.800000000001,6441.400000000001,1347,82391.2,2024-01-25
1407,36522,7304.400000000001,3652.2000000000003,3857,43621.6,2024-07-04
1408,59046,11809.2,5904.6,3642,73117.8,2024-02-17
1409,62442,12488.400000000001,6244.200000000001,1517,79657.59999999999,2024-03-09
1410,48310,9662.0,4831.0,3125,59678.0,2024-01-25
1411,38447,7689.400000000001,3844.7000000000003,2354,47627.1,2024-09-09
1412,31397,6279.400000000001,3139.7000000000003,3588,37228.1,2024-02-08
1413,46790,9358.0,4679.0,1160,59667.0,2024-01-22
1414,69667,13933.400000000001,6966.700000000001,1578,88989.09999999999,2024-07-11
1415,62787,12557.400000000001,6278.700000000001,2581,79042.09999999999,2024-02-16
1416,45581,9116.2,4558.1,1301,57954.299999999996,2024-09-02
1417,54713,10942.6,5471.3,2638,68488.90000000001,2024-06-22
1418,48490,9698.0,4849.0,2717,60320.0,2024-01-05
1419,30691,6138.200000000001,3069.1000000000004,3681,36217.299999999996,2024-04-14
1420,61231,12246.2,6123.1,4822,74778.3,2024-06-23
1421,33080,6616.0,3308.0,3799,39205.0,2024-03-18
1422,43916,8783.2,4391.6,1385,55705.799999999996,2024-06-08
1423,56499,11299.800000000001,5649.900000000001,1690,71758.7,2024-04-27
1424,34116,6823.200000000001,3411.6000000000004,4339,40011.799999999996,2024-03-23
1425,69859,13971.800000000001,6985.900000000001,1422,89394.7,2024-06-07
1426,59097,11819.400000000001,5909.700000000001,2433,74393.09999999999,2024-02-20
1427,59324,11864.800000000001,5932.400000000001,2827,74294.2,2024-02-09
1428,48912,9782.4,4891.2,1924,61661.6,2024-02-12
1429,41448,8289.6,4144.8,4615,49267.4,2024-05-31
1430,67448,13489.6,6744.8,3893,83789.40000000001,2024-04-06
1431,31661,6332.200000000001,3166.1000000000004,3851,37308.299999999996,2024-02-13
1432,59555,11911.0,5955.5,3566,73855.5,2024-08-09
1433,35612,7122.400000000001,3561.2000000000003,1819,44476.6,2024-08-28
1434,68740,13748.0,6874.0,4283,85079.0,2024-02-17
1435,65005,13001.0,6500.5,3390,81116.5,2024-01-27
1436,51480,10296.0,5148.0,2920,64004.0,2024-07-18
1437,55669,11133.800000000001,5566.900000000001,2911,69458.7,2024-05-02
1438,56481,11296.2,5648.1,1102,72323.3,2024-07-31
1439,54449,10889.800000000001,5444.900000000001,1863,68920.7,2024-01-10
1440,57796,11559.2,5779.6,1474,73660.8,2024-02-17
1441,55461,11092.2,5546.1,3687,68412.3,2024-08-22
1442,61993,12398.6,6199.3,1771,78819.90000000001,2024-05-25
1443,61548,12309.6,6154.8,4181,75831.40000000001,2024-07-16
1444,68752,13750.400000000001,6875.200000000001,4368,85009.59999999999,2024-05-31
1445,47842,9568.4,4784.2,3897,58297.6,2024-07-14
1446,34284,6856.8,3428.4,4739,39830.200000000004,2024-02-20
1447,50447,10089.400000000001,5044.700000000001,1493,64088.100000000006,2024-05-11
1448,36320,7264.0,3632.0,3545,43671.0,2024-03-25
1449,48993,9798.6,4899.3,3113,60577.9,2024-02-03
1450,35607,7121.400000000001,3560.7000000000003,1783,44506.1,2024-02-18
1451,64047,12809.400000000001,6404.700000000001,2023,81238.09999999999,2024-02-02
1452,59844,11968.800000000001,5984.400000000001,2835,74962.2,2024-06-11
1453,64254,12850.800000000001,6425.400000000001,4265,79265.2,2024-06-09
1454,52949,10589.800000000001,5294.900000000001,2495,66338.7,2024-06-16
1455,53019,10603.800000000001,5301.900000000001,2214,66710.7,2024-08-03
1456,30438,6087.6,3043.8,4771,34798.4,2024-08-18
1457,45773,9154.6,4577.3,2298,57206.9,2024-08-22
1458,56136,11227.2,5613.6,4939,68037.8,2024-01-11
1459,50929,10185.800000000001,5092.900000000001,1257,64950.7,2024-06-19
1460,43492,8698.4,4349.2,2160,54379.6,2024-06-29
1461,49997,9999.400000000001,4999.700000000001,3174,61822.100000000006,2024-01-25
1462,46659,9331.800000000001,4665.900000000001,3816,56840.700000000004,2024-09-02
1463,57966,11593.2,5796.6,3767,71588.8,2024-03-11
1464,36648,7329.6,3664.8,4910,42732.4,2024-03-31
1465,57668,11533.6,5766.8,1919,73049.40000000001,2024-08-25
1466,36720,7344.0,3672.0,2021,45715.0,2024-06-06
1467,64382,12876.400000000001,6438.200000000001,3435,80261.59999999999,2024-02-04
1468,50951,10190.2,5095.1,3336,62900.3,2024-07-02
1469,52660,10532.0,5266.0,4194,64264.0,2024-05-31
1470,34616,6923.200000000001,3461.6000000000004,4500,40500.799999999996,2024-01-27
1471,35082,7016.400000000001,3508.2000000000003,4595,41011.6,2024-08-11
1472,61817,12363.400000000001,6181.700000000001,4826,75536.09999999999,2024-05-18
1473,34150,6830.0,3415.0,1001,43394.0,2024-04-19
1474,39535,7907.0,3953.5,4700,46695.5,2024-02-21
1475,65817,13163.400000000001,6581.700000000001,2344,83218.09999999999,2024-04-25
1476,31735,6347.0,3173.5,2671,38584.5,2024-09-03
1477,42759,8551.800000000001,4275.900000000001,3898,51688.700000000004,2024-04-01
1478,30193,6038.6,3019.3,2943,36307.9,2024-04-22
1479,53427,10685.400000000001,5342.700000000001,1052,68403.1,2024-01-17
1480,69607,13921.400000000001,6960.700000000001,2742,87747.09999999999,2024-05-19
1481,47429,9485.800000000001,4742.900000000001,4586,57071.700000000004,2024-05-23
1482,57438,11487.6,5743.8,2993,71676.40000000001,2024-03-13
1483,31501,6300.200000000001,3150.1000000000004,3127,37824.299999999996,2024-03-11
1484,34371,6874.200000000001,3437.1000000000004,4975,39707.299999999996,2024-08-23
1485,46901,9380.2,4690.1,3779,57192.299999999996,2024-07-23
1486,35649,7129.8,3564.9,1223,45120.700000000004,2024-07-14
1487,48764,9752.800000000001,4876.400000000001,3623,59770.200000000004,2024-02-28
1488,33957,6791.400000000001,3395.7000000000003,2985,41159.1,2024-08-14
1489,65888,13177.6,6588.8,2430,83224.40000000001,2024-06-26
1490,35830,7166.0,3583.0,2061,44518.0,2024-01-28
1491,34439,6887.8,3443.9,1453,43317.700000000004,2024-01-31
1492,49848,9969.6,4984.8,1824,62978.4,2024-02-15
1493,31259,6251.8,3125.9,1129,39507.700000000004,2024-05-05
1494,65260,13052.0,6526.0,3658,81180.0,2024-01-12
1495,31605,6321.0,3160.5,4869,36217.5,2024-01-12
1496,53524,10704.800000000001,5352.400000000001,1881,67700.2,2024-07-18
1497,58057,11611.400000000001,5805.700000000001,4715,70759.09999999999,2024-08-25
1498,42134,8426.800000000001,4213.400000000001,4047,50727.200000000004,2024-02-11
1499,31320,6264.0,3132.0,4469,36247.0,2024-07-16
1500,58198,11639.6,5819.8,4996,70661.40000000001,2024-05-23
1501,55507,11101.400000000001,5550.700000000001,2875,69284.09999999999,2024-02-07
1502,39736,7947.200000000001,3973.6000000000004,1397,50259.799999999996,2024-02-07
1503,46336,9267.2,4633.6,1254,58982.799999999996,2024-04-15
1504,35739,7147.8,3573.9,4849,41611.700000000004,2024-08-23
1505,61414,12282.800000000001,6141.400000000001,2875,76963.2,2024-01-30
1506,44618,8923.6,4461.8,3553,54450.4,2024-05-20
1507,61357,12271.400000000001,6135.700000000001,4675,75089.09999999999,2024-03-28
1508,66789,13357.800000000001,6678.900000000001,2685,84140.7,2024-07-07
1509,66049,13209.800000000001,6604.900000000001,3896,81967.7,2024-01-10
1510,56954,11390.800000000001,5695.400000000001,3224,70816.2,2024-07-10
1511,58957,11791.400000000001,5895.700000000001,4844,71800.09999999999,2024-04-30
1512,49077,9815.4,4907.7,1482,62318.1,2024-07-01
1513,57024,11404.800000000001,5702.400000000001,3340,70791.2,2024-01-30
1514,56232,11246.400000000001,5623.200000000001,3521,69580.59999999999,2024-07-17
1515,53380,10676.0,5338.0,2854,66540.0,2024-02-24
1516,36664,7332.8,3666.4,2061,45602.200000000004,2024-07-03
1517,66493,13298.6,6649.3,2537,83903.90000000001,2024-07-14
1518,53863,10772.6,5386.3,4053,65968.9,2024-02-15
1519,44907,8981.4,4490.7,4478,53901.1,2024-03-19
1520,66207,13241.400000000001,6620.700000000001,3712,82357.09999999999,2024-03-29
1521,34320,6864.0,3432.0,4345,40271.0,2024-02-20
1522,47707,9541.4,4770.7,1827,60192.1,2024-01-26
1523,44617,8923.4,4461.7,1390,56612.1,2024-06-18
1524,39886,7977.200000000001,3988.6000000000004,2995,48856.799999999996,2024-06-07
1525,39049,7809.8,3904.9,2440,48323.700000000004,2024-05-12
1526,69417,13883.400000000001,6941.700000000001,4043,86199.09999999999,2024-05-02
1527,30592,6118.400000000001,3059.2000000000003,1426,38343.6,2024-03-12
1528,51711,10342.2,5171.1,4763,62461.3,2024-07-29
1529,49045,9809.0,4904.5,4378,59380.5,2024-04-02
1530,61274,12254.800000000001,6127.400000000001,3796,75860.2,2024-07-30
1531,30993,6198.6,3099.3,2522,37768.9,2024-04-03
1532,35254,7050.8,3525.4,2977,42853.200000000004,2024-08-06
1533,61561,12312.2,6156.1,2519,77510.3,2024-06-29
1534,67827,13565.400000000001,6782.700000000001,3695,84480.09999999999,2024-07-14
1535,69903,13980.6,6990.3,3705,87168.90000000001,2024-08-02
1536,55805,11161.0,5580.5,2052,70494.5,2024-04-18
1537,40422,8084.400000000001,4042.2000000000003,3277,49271.6,2024-01-03
1538,40822,8164.400000000001,4082.2000000000003,1142,51926.6,2024-05-07
1539,57194,11438.800000000001,5719.400000000001,1822,72530.2,2024-08-03
1540,53281,10656.2,5328.1,2263,67002.3,2024-03-21
1541,37195,7439.0,3719.5,3537,44816.5,2024-03-13
1542,39866,7973.200000000001,3986.6000000000004,3755,48070.799999999996,2024-06-11
1543,50194,10038.800000000001,5019.400000000001,3236,62016.200000000004,2024-05-07
1544,55382,11076.400000000001,5538.200000000001,2297,69699.59999999999,2024-03-21
1545,69013,13802.6,6901.3,4413,85303.90000000001,2024-06-09
1546,43601,8720.2,4360.1,3072,53609.299999999996,2024-09-14
1547,50121,10024.2,5012.1,3302,61855.299999999996,2024-04-15
1548,44835,8967.0,4483.5,2087,56198.5,2024-06-16
1549,36001,7200.200000000001,3600.1000000000004,1349,45452.299999999996,2024-03-27
1550,33498,6699.6,3349.8,3728,39819.4,2024-01-31
1551,41145,8229.0,4114.5,2464,51024.5,2024-08-27
1552,50103,10020.6,5010.3,2667,62466.9,2024-02-23
1553,63053,12610.6,6305.3,1217,80751.90000000001,2024-04-11
1554,36414,7282.8,3641.4,4334,43004.200000000004,2024-08-04
1555,48672,9734.4,4867.2,1085,62188.6,2024-06-18
1556,33868,6773.6,3386.8,2844,41184.4,2024-01-21
1557,55991,11198.2,5599.1,4022,68766.3,2024-02-12
1558,58150,11630.0,5815.0,4803,70792.0,2024-03-02
1559,31179,6235.8,3117.9,2298,38234.700000000004,2024-02-29
1560,58457,11691.400000000001,5845.700000000001,3017,72977.09999999999,2024-07-03
1561,36785,7357.0,3678.5,2150,45670.5,2024-01-12
1562,64565,12913.0,6456.5,2381,81553.5,2024-05-20
1563,51407,10281.400000000001,5140.700000000001,2795,64034.100000000006,2024-05-16
1564,51334,10266.800000000001,5133.400000000001,2426,64308.2,2024-08-30
1565,40179,8035.8,4017.9,4831,47401.700000000004,2024-03-20
1566,39471,7894.200000000001,3947.1000000000004,2427,48885.299999999996,2024-06-09
1567,46812,9362.4,4681.2,3672,57183.6,2024-07-13
1568,67975,13595.0,6797.5,1144,87223.5,2024-04-13
1569,39549,7909.8,3954.9,2871,48542.700000000004,2024-03-08
1570,39406,7881.200000000001,3940.6000000000004,2129,49098.799999999996,2024-01-01
1571,65356,13071.2,6535.6,3256,81706.8,2024-02-20
1572,48087,9617.4,4808.7,3290,59223.1,2024-04-25
1573,35580,7116.0,3558.0,3674,42580.0,2024-04-10
1574,37841,7568.200000000001,3784.1000000000004,1709,47484.299999999996,2024-08-21
1575,65839,13167.800000000001,6583.900000000001,2563,83027.7,2024-01-01
1576,48833,9766.6,4883.3,4774,58708.9,2024-08-01
1577,32001,6400.200000000001,3200.1000000000004,4627,36974.299999999996,2024-02-17
1578,33076,6615.200000000001,3307.6000000000004,4500,38498.799999999996,2024-07-06
1579,41437,8287.4,4143.7,4097,49771.1,2024-04-19
1580,63067,12613.400000000001,6306.700000000001,2143,79844.09999999999,2024-04-08
1581,52233,10446.6,5223.3,2223,65679.9,2024-09-15
1582,51689,10337.800000000001,5168.900000000001,3700,63495.7,2024-03-17
1583,47073,9414.6,4707.3,3885,57309.9,2024-06-21
1584,44687,8937.4,4468.7,4392,53701.1,2024-01-31
1585,62316,12463.2,6231.6,4179,76831.8,2024-03-07
1586,42834,8566.800000000001,4283.400000000001,3849,51835.200000000004,2024-04-04
1587,57264,11452.800000000001,5726.400000000001,2776,71667.2,2024-06-04
1588,54055,10811.0,5405.5,4566,65705.5,2024-06-22
1589,66768,13353.6,6676.8,4500,82298.40000000001,2024-02-15
1590,35965,7193.0,3596.5,2779,43975.5,2024-05-07
1591,62279,12455.800000000001,6227.900000000001,4096,76866.7,2024-05-01
1592,39891,7978.200000000001,3989.1000000000004,4378,47480.299999999996,2024-07-17
1593,44762,8952.4,4476.2,1410,56780.6,2024-09-04
1594,40749,8149.8,4074.9,3724,49249.700000000004,2024-02-14
1595,69723,13944.6,6972.3,1679,88960.90000000001,2024-02-15
1596,68464,13692.800000000001,6846.400000000001,3485,85518.2,2024-02-29
1597,39462,7892.400000000001,3946.2000000000003,1811,49489.6,2024-06-28
1598,54554,10910.800000000001,5455.400000000001,2587,68333.2,2024-04-13
1599,46395,9279.0,4639.5,3070,57243.5,2024-07-24
1600,46775,9355.0,4677.5,2301,58506.5,2024-03-03
1601,31103,6220.6,3110.3,2936,37497.9,2024-07-14
1602,66985,13397.0,6698.5,3977,83103.5,2024-02-23
1603,42236,8447.2,4223.6,4450,50456.799999999996,2024-01-26
1604,49279,9855.800000000001,4927.900000000001,4547,59515.700000000004,2024-06-21
1605,52641,10528.2,5264.1,4187,64246.3,2024-05-13
1606,55192,11038.400000000001,5519.200000000001,2138,69611.59999999999,2024-01-27
1607,58450,11690.0,5845.0,4071,71914.0,2024-05-08
1608,67385,13477.0,6738.5,4657,82943.5,2024-06-07
1609,63745,12749.0,6374.5,3033,79835.5,2024-08-29
1610,36994,7398.8,3699.4,3847,44245.200000000004,2024-01-25
1611,63454,12690.800000000001,6345.400000000001,3576,78914.2,2024-08-01
1612,66455,13291.0,6645.5,4113,82278.5,2024-05-15
1613,47755,9551.0,4775.5,4618,57463.5,2024-06-23
1614,31299,6259.8,3129.9,3593,37095.700000000004,2024-08-31
1615,42105,8421.0,4210.5,1296,53440.5,2024-04-02
1616,42383,8476.6,4238.3,4334,50763.9,2024-03-13
1617,61115,12223.0,6111.5,3308,76141.5,2024-06-08
1618,47036,9407.2,4703.6,2418,58728.799999999996,2024-04-05
1619,59790,11958.0,5979.0,2653,75074.0,2024-09-19
1620,42142,8428.4,4214.2,4679,50105.6,2024-02-15
1621,67143,13428.6,6714.3,1810,85475.90000000001,2024-03-23
1622,67082,13416.400000000001,6708.200000000001,4661,82545.59999999999,2024-01-30
1623,62695,12539.0,6269.5,1148,80355.5,2024-03-13
1624,44064,8812.800000000001,4406.400000000001,3287,53996.200000000004,2024-07-08
1625,52588,10517.6,5258.8,4381,63983.399999999994,2024-08-27
1626,59832,11966.400000000001,5983.200000000001,3987,73794.59999999999,2024-05-13
1627,53620,10724.0,5362.0,4018,65688.0,2024-06-11
1628,37937,7587.400000000001,3793.7000000000003,3480,45838.1,2024-06-27
1629,51230,10246.0,5123.0,4123,62476.0,2024-06-02
1630,32344,6468.8,3234.4,4888,37159.200000000004,2024-06-05
1631,48932,9786.4,4893.2,4049,59562.6,2024-08-04
1632,64349,12869.800000000001,6434.900000000001,2728,80925.7,2024-07-08
1633,32714,6542.8,3271.4,4712,37816.200000000004,2024-09-02
1634,59247,11849.400000000001,5924.700000000001,1279,75742.09999999999,2024-09-08
1635,44233,8846.6,4423.3,1593,55909.9,2024-01-23
1636,55435,11087.0,5543.5,2016,70049.5,2024-05-30
1637,56634,11326.800000000001,5663.400000000001,3302,70322.2,2024-06-18
1638,52752,10550.400000000001,5275.200000000001,2017,66560.6,2024-01-21
1639,50820,10164.0,5082.0,4836,61230.0,2024-08-21
1640,31905,6381.0,3190.5,1619,39857.5,2024-09-08
1641,42150,8430.0,4215.0,4044,50751.0,2024-09-14
1642,42587,8517.4,4258.7,1719,53644.1,2024-08-12
1643,66462,13292.400000000001,6646.200000000001,3312,83088.59999999999,2024-04-20
1644,65572,13114.400000000001,6557.200000000001,2192,83051.59999999999,2024-07-02
1645,52804,10560.800000000001,5280.400000000001,4643,64002.2,2024-03-23
1646,53041,10608.2,5304.1,1564,67389.3,2024-05-18
1647,65248,13049.6,6524.8,2739,82083.40000000001,2024-05-20
1648,38302,7660.400000000001,3830.2000000000003,4045,45747.6,2024-05-03
1649,56750,11350.0,5675.0,4856,68919.0,2024-03-17
1650,51652,10330.400000000001,5165.200000000001,1545,65602.6,2024-03-10
1651,46286,9257.2,4628.6,1744,58427.799999999996,2024-09-10
1652,53342,10668.400000000001,5334.200000000001,2246,67098.6,2024-02-13
1653,68338,13667.6,6833.8,2937,85902.40000000001,2024-07-13
1654,50266,10053.2,5026.6,3518,61827.799999999996,2024-08-10
1655,33021,6604.200000000001,3302.1000000000004,1128,41799.299999999996,2024-07-18
1656,64462,12892.400000000001,6446.200000000001,4613,79187.59999999999,2024-07-18
1657,67367,13473.400000000001,6736.700000000001,1139,86438.09999999999,2024-06-13
1658,59046,11809.2,5904.6,2053,74706.8,2024-06-13
1659,68612,13722.400000000001,6861.200000000001,2668,86527.59999999999,2024-02-12
1660,45918,9183.6,4591.8,4643,55050.4,2024-08-27
1661,49820,9964.0,4982.0,3394,61372.0,2024-01-06
1662,52143,10428.6,5214.3,2437,65348.899999999994,2024-07-25
1663,54920,10984.0,5492.0,4377,67019.0,2024-06-09
1664,67988,13597.6,6798.8,4367,84017.40000000001,2024-02-07
1665,51927,10385.400000000001,5192.700000000001,1802,65703.1,2024-05-17
1666,44708,8941.6,4470.8,1535,56585.4,2024-02-25
1667,63443,12688.6,6344.3,1690,80785.90000000001,2024-03-13
1668,44685,8937.0,4468.5,2030,56060.5,2024-03-31
1669,66870,13374.0,6687.0,3388,83543.0,2024-02-14
1670,42722,8544.4,4272.2,3761,51777.6,2024-01-26
1671,61655,12331.0,6165.5,1177,78974.5,2024-06-10
1672,31036,6207.200000000001,3103.6000000000004,4940,35406.799999999996,2024-05-31
1673,57840,11568.0,5784.0,2340,72852.0,2024-02-05
1674,58552,11710.400000000001,5855.200000000001,1981,74136.59999999999,2024-08-18
1675,40338,8067.6,4033.8,2166,50273.4,2024-08-22
1676,50035,10007.0,5003.5,4059,60986.5,2024-04-25
1677,67949,13589.800000000001,6794.900000000001,2763,85570.7,2024-04-19
1678,44647,8929.4,4464.7,3958,54083.1,2024-05-13
1679,48538,9707.6,4853.8,2243,60856.4,2024-05-16
1680,38690,7738.0,3869.0,2310,47987.0,2024-05-14
1681,52930,10586.0,5293.0,1670,67139.0,2024-06-21
1682,56625,11325.0,5662.5,4207,69405.5,2024-03-27
1683,58490,11698.0,5849.0,1429,74608.0,2024-07-05
1684,37927,7585.400000000001,3792.7000000000003,1449,47856.1,2024-08-15
1685,58733,11746.6,5873.3,1469,74883.90000000001,2024-05-03
1686,51575,10315.0,5157.5,2607,64440.5,2024-09-19
1687,69376,13875.2,6937.6,2603,87585.8,2024-04-01
1688,50003,10000.6,5000.3,3382,61621.9,2024-03-30
1689,39975,7995.0,3997.5,4781,47186.5,2024-09-20
1690,43543,8708.6,4354.3,3355,53250.9,2024-07-30
1691,67430,13486.0,6743.0,3524,84135.0,2024-02-12
1692,45200,9040.0,4520.0,2969,55791.0,2024-02-04
1693,40244,8048.8,4024.4,4401,47916.200000000004,2024-09-15
1694,67630,13526.0,6763.0,2105,85814.0,2024-04-09
1695,67166,13433.2,6716.6,1671,85644.8,2024-04-29
1696,41593,8318.6,4159.3,4597,49473.9,2024-02-10
1697,38956,7791.200000000001,3895.6000000000004,3823,46819.799999999996,2024-08-31
1698,43241,8648.2,4324.1,4158,52055.299999999996,2024-02-19
1699,64845,12969.0,6484.5,3224,81074.5,2024-02-21
1700,59328,11865.6,5932.8,2099,75027.40000000001,2024-03-31
1701,41104,8220.800000000001,4110.400000000001,1260,52175.200000000004,2024-01-26
1702,60166,12033.2,6016.6,4114,74101.8,2024-05-19
1703,45934,9186.800000000001,4593.400000000001,1917,57797.200000000004,2024-08-05
1704,44902,8980.4,4490.2,1578,56794.6,2024-03-29
1705,32606,6521.200000000001,3260.6000000000004,4224,38163.799999999996,2024-04-25
1706,47885,9577.0,4788.5,2363,59887.5,2024-06-03
1707,46826,9365.2,4682.6,2299,58574.799999999996,2024-02-16
1708,45349,9069.800000000001,4534.900000000001,3825,55128.700000000004,2024-05-17
1709,64527,12905.400000000001,6452.700000000001,1877,82008.09999999999,2024-06-10
1710,68140,13628.0,6814.0,3726,84856.0,2024-09-10
1711,40938,8187.6,4093.8,3413,49806.4,2024-08-09
1712,39962,7992.400000000001,3996.2000000000003,3237,48713.6,2024-05-21
1713,39028,7805.6,3902.8,2092,48644.4,2024-05-24
1714,40689,8137.8,4068.9,4405,48490.700000000004,2024-01-14
1715,67944,13588.800000000001,6794.400000000001,1277,87050.2,2024-02-07
1716,64590,12918.0,6459.0,4504,79463.0,2024-02-06
1717,54550,10910.0,5455.0,1716,69199.0,2024-01-20
1718,32122,6424.400000000001,3212.2000000000003,4581,37177.6,2024-04-18
1719,42398,8479.6,4239.8,2899,52218.4,2024-09-08
1720,44841,8968.2,4484.1,4558,53735.299999999996,2024-04-16
1721,41811,8362.2,4181.1,3326,51028.299999999996,2024-05-11
1722,34546,6909.200000000001,3454.6000000000004,4527,40382.799999999996,2024-06-18
1723,43648,8729.6,4364.8,3685,53057.4,2024-05-28
1724,57025,11405.0,5702.5,1164,72968.5,2024-05-08
1725,32721,6544.200000000001,3272.1000000000004,2489,40048.299999999996,2024-05-08
1726,37287,7457.400000000001,3728.7000000000003,4321,44152.1,2024-08-21
1727,52982,10596.400000000001,5298.200000000001,4398,64478.600000000006,2024-07-13
1728,37634,7526.8,3763.4,4851,44073.200000000004,2024-01-24
1729,49845,9969.0,4984.5,3744,61054.5,2024-06-08
1730,33245,6649.0,3324.5,2677,40541.5,2024-04-17
1731,33948,6789.6,3394.8,1115,43017.4,2024-08-12
1732,67949,13589.800000000001,6794.900000000001,3974,84359.7,2024-08-12
1733,52569,10513.800000000001,5256.900000000001,4391,63948.7,2024-07-11
1734,64928,12985.6,6492.8,2062,82344.40000000001,2024-02-08
1735,35936,7187.200000000001,3593.6000000000004,1489,45227.799999999996,2024-09-18
1736,39426,7885.200000000001,3942.6000000000004,2502,48751.799999999996,2024-04-29
1737,43706,8741.2,4370.6,1562,55255.799999999996,2024-07-01
1738,67807,13561.400000000001,6780.700000000001,1980,86169.09999999999,2024-05-11
1739,37090,7418.0,3709.0,1247,46970.0,2024-02-27
1740,38212,7642.400000000001,3821.2000000000003,2405,47270.6,2024-05-24
1741,60411,12082.2,6041.1,2649,75885.3,2024-07-05
1742,64372,12874.400000000001,6437.200000000001,4792,78891.59999999999,2024-07-02
1743,33861,6772.200000000001,3386.1000000000004,4243,39776.299999999996,2024-07-28
1744,33650,6730.0,3365.0,2260,41485.0,2024-03-21
1745,35177,7035.400000000001,3517.7000000000003,2429,43301.1,2024-02-29
1746,43930,8786.0,4393.0,3833,53276.0,2024-05-03
1747,30819,6163.8,3081.9,2777,37287.700000000004,2024-06-05
1748,30257,6051.400000000001,3025.7000000000003,4954,34380.1,2024-02-07
1749,68129,13625.800000000001,6812.900000000001,2296,86271.7,2024-02-10
1750,59633,11926.6,5963.3,4003,73519.90000000001,2024-04-28
1751,53383,10676.6,5338.3,1023,68374.9,2024-06-11
1752,54531,10906.2,5453.1,3942,66948.3,2024-07-14
1753,36107,7221.400000000001,3610.7000000000003,4638,42301.1,2024-03-09
1754,50819,10163.800000000001,5081.900000000001,1769,64295.7,2024-06-24
1755,49912,9982.400000000001,4991.200000000001,1467,63418.600000000006,2024-05-31
1756,57793,11558.6,5779.3,3634,71496.90000000001,2024-02-17
1757,69364,13872.800000000001,6936.400000000001,4680,85493.2,2024-08-01
1758,49332,9866.400000000001,4933.200000000001,2381,61750.600000000006,2024-04-14
1759,43008,8601.6,4300.8,3651,52259.4,2024-03-20
1760,31861,6372.200000000001,3186.1000000000004,3811,37608.299999999996,2024-09-08
1761,57146,11429.2,5714.6,3635,70654.8,2024-01-06
1762,35587,7117.400000000001,3558.7000000000003,4112,42151.1,2024-05-08
1763,58953,11790.6,5895.3,2482,74156.90000000001,2024-06-04
1764,32468,6493.6,3246.8,4204,38004.4,2024-04-27
1765,36684,7336.8,3668.4,3913,43776.200000000004,2024-03-15
1766,31629,6325.8,3162.9,2349,38768.700000000004,2024-09-09
1767,44881,8976.2,4488.1,4761,53584.299999999996,2024-05-29
1768,40288,8057.6,4028.8,2011,50363.4,2024-02-12
1769,52703,10540.6,5270.3,4542,63971.899999999994,2024-05-30
1770,58113,11622.6,5811.3,4465,71081.90000000001,2024-06-02
1771,60427,12085.400000000001,6042.700000000001,3556,74999.09999999999,2024-01-05
1772,56326,11265.2,5632.6,4429,68794.8,2024-04-04
1773,40034,8006.8,4003.4,2139,49905.200000000004,2024-09-10
1774,45608,9121.6,4560.8,4497,54793.4,2024-04-07
1775,54617,10923.400000000001,5461.700000000001,1009,69993.09999999999,2024-03-31
1776,54020,10804.0,5402.0,2928,67298.0,2024-07-07
1777,46462,9292.4,4646.2,2457,57943.6,2024-03-26
1778,57990,11598.0,5799.0,1662,73725.0,2024-06-23
1779,60848,12169.6,6084.8,3998,75104.40000000001,2024-07-25
1780,48471,9694.2,4847.1,3048,59964.299999999996,2024-02-07
1781,50730,10146.0,5073.0,3139,62810.0,2024-07-16
1782,33554,6710.8,3355.4,3215,40405.200000000004,2024-07-26
1783,55121,11024.2,5512.1,4792,66865.3,2024-02-25
1784,34231,6846.200000000001,3423.1000000000004,2408,42092.299999999996,2024-03-31
1785,50827,10165.400000000001,5082.700000000001,3076,62999.100000000006,2024-03-22
1786,50739,10147.800000000001,5073.900000000001,1077,64883.7,2024-07-22
1787,48550,9710.0,4855.0,2169,60946.0,2024-07-11
1788,33891,6778.200000000001,3389.1000000000004,1053,43005.299999999996,2024-07-14
1789,41990,8398.0,4199.0,3063,51524.0,2024-05-01
1790,39254,7850.8,3925.4,3508,47522.200000000004,2024-09-06
1791,49877,9975.400000000001,4987.700000000001,2730,62110.100000000006,2024-03-23
1792,47316,9463.2,4731.6,4110,57400.799999999996,2024-05-03
1793,41964,8392.800000000001,4196.400000000001,1922,52631.200000000004,2024-02-28
1794,54492,10898.400000000001,5449.200000000001,4158,66681.6,2024-01-23
1795,36601,7320.200000000001,3660.1000000000004,4387,43194.299999999996,2024-04-09
1796,65787,13157.400000000001,6578.700000000001,1168,84355.09999999999,2024-04-24
1797,50645,10129.0,5064.5,2215,63623.5,2024-08-22
1798,48465,9693.0,4846.5,1074,61930.5,2024-05-11
1799,49427,9885.400000000001,4942.700000000001,3307,60948.100000000006,2024-01-27
1800,57402,11480.400000000001,5740.200000000001,3225,71397.59999999999,2024-05-19
1801,44048,8809.6,4404.8,1868,55394.4,2024-03-15
1802,50367,10073.400000000001,5036.700000000001,2664,62813.100000000006,2024-08-28
1803,55102,11020.400000000001,5510.200000000001,3314,68318.59999999999,2024-02-11
1804,61852,12370.400000000001,6185.200000000001,1884,78523.59999999999,2024-06-19
1805,54741,10948.2,5474.1,3145,68018.3,2024-08-03
1806,43907,8781.4,4390.7,1165,55914.1,2024-06-03
1807,56440,11288.0,5644.0,1315,72057.0,2024-03-23
1808,60938,12187.6,6093.8,3198,76021.40000000001,2024-02-05
1809,50825,10165.0,5082.5,4374,61698.5,2024-02-05
1810,58529,11705.800000000001,5852.900000000001,2331,73756.7,2024-08-27
1811,69297,13859.400000000001,6929.700000000001,3126,86960.09999999999,2024-05-06
1812,43083,8616.6,4308.3,2214,53793.9,2024-04-13
1813,64305,12861.0,6430.5,1207,82389.5,2024-06-14
1814,37824,7564.8,3782.4,2300,46871.200000000004,2024-06-22
1815,35721,7144.200000000001,3572.1000000000004,4244,42193.299999999996,2024-07-21
1816,32973,6594.6,3297.3,3710,39154.9,2024-04-10
1817,52491,10498.2,5249.1,1463,66775.3,2024-04-12
1818,67679,13535.800000000001,6767.900000000001,4992,82990.7,2024-04-11
1819,63826,12765.2,6382.6,4001,78972.8,2024-04-24
1820,59480,11896.0,5948.0,2872,74452.0,2024-01-13
1821,63383,12676.6,6338.3,3273,79124.90000000001,2024-01-03
1822,57164,11432.800000000001,5716.400000000001,4847,69466.2,2024-09-20
1823,64534,12906.800000000001,6453.400000000001,3534,80360.2,2024-06-13
1824,50372,10074.400000000001,5037.200000000001,2255,63228.600000000006,2024-07-02
1825,45192,9038.4,4519.2,4425,54324.6,2024-08-01
1826,51338,10267.6,5133.8,4183,62556.399999999994,2024-04-24
1827,59979,11995.800000000001,5997.900000000001,3619,74353.7,2024-09-18
1828,60492,12098.400000000001,6049.200000000001,1288,77351.59999999999,2024-07-21
1829,61859,12371.800000000001,6185.900000000001,2639,77777.7,2024-01-13
1830,42422,8484.4,4242.2,4947,50201.6,2024-06-13
1831,34481,6896.200000000001,3448.1000000000004,1862,42963.299999999996,2024-03-03
1832,43185,8637.0,4318.5,1214,54926.5,2024-07-15
1833,63218,12643.6,6321.8,4348,77835.40000000001,2024-05-08
1834,35304,7060.8,3530.4,1739,44156.200000000004,2024-05-16
1835,59292,11858.400000000001,5929.200000000001,2164,74915.59999999999,2024-08-19
1836,31706,6341.200000000001,3170.6000000000004,2144,39073.799999999996,2024-01-22
1837,61243,12248.6,6124.3,1761,77854.90000000001,2024-03-23
1838,32051,6410.200000000001,3205.1000000000004,2226,39440.299999999996,2024-04-09
1839,32316,6463.200000000001,3231.6000000000004,4216,37794.799999999996,2024-08-10
1840,49363,9872.6,4936.3,2390,61781.9,2024-09-13
1841,43846,8769.2,4384.6,4677,52322.799999999996,2024-04-06
1842,30139,6027.8,3013.9,2150,37030.700000000004,2024-02-14
1843,67739,13547.800000000001,6773.900000000001,4651,83409.7,2024-06-07
1844,44120,8824.0,4412.0,1747,55609.0,2024-06-23
1845,46396,9279.2,4639.6,2631,57683.799999999996,2024-05-17
1846,62009,12401.800000000001,6200.900000000001,2038,78573.7,2024-08-02
1847,54466,10893.2,5446.6,2857,67948.8,2024-08-30
1848,36674,7334.8,3667.4,4490,43186.200000000004,2024-04-08
1849,36385,7277.0,3638.5,1897,45403.5,2024-05-04
1850,50205,10041.0,5020.5,2288,62978.5,2024-05-14
1851,56201,11240.2,5620.1,3250,69811.3,2024-08-09
1852,36132,7226.400000000001,3613.2000000000003,1252,45719.6,2024-04-18
1853,62380,12476.0,6238.0,2458,78636.0,2024-08-21
1854,47234,9446.800000000001,4723.400000000001,3850,57554.200000000004,2024-01-02
1855,58847,11769.400000000001,5884.700000000001,4390,72111.09999999999,2024-07-22
1856,66793,13358.6,6679.3,4431,82399.90000000001,2024-02-27
1857,33435,6687.0,3343.5,1308,42157.5,2024-03-13
1858,34526,6905.200000000001,3452.6000000000004,3314,41569.799999999996,2024-07-25
1859,50310,10062.0,5031.0,3344,62059.0,2024-07-09
1860,68081,13616.2,6808.1,2469,86036.3,2024-07-07
1861,63530,12706.0,6353.0,3033,79556.0,2024-01-28
1862,51850,10370.0,5185.0,3512,63893.0,2024-02-28
1863,63357,12671.400000000001,6335.700000000001,2053,80311.09999999999,2024-09-15
1864,54880,10976.0,5488.0,4511,66833.0,2024-03-23
1865,51963,10392.6,5196.3,3372,64179.899999999994,2024-02-15
1866,45885,9177.0,4588.5,4207,55443.5,2024-04-30
1867,30688,6137.6,3068.8,4064,35830.4,2024-02-20
1868,67160,13432.0,6716.0,4124,83184.0,2024-03-12
1869,30222,6044.400000000001,3022.2000000000003,1785,37503.6,2024-06-27
1870,31434,6286.8,3143.4,4201,36663.200000000004,2024-07-27
1871,42911,8582.2,4291.1,3828,51956.299999999996,2024-03-18
1872,55186,11037.2,5518.6,1039,70702.8,2024-07-30
1873,67600,13520.0,6760.0,3257,84623.0,2024-02-13
1874,67854,13570.800000000001,6785.400000000001,4375,83835.2,2024-06-01
1875,52384,10476.800000000001,5238.400000000001,3065,65034.2,2024-05-28
1876,60435,12087.0,6043.5,1172,77393.5,2024-07-15
1877,35268,7053.6,3526.8,1087,44761.4,2024-08-10
1878,40086,8017.200000000001,4008.6000000000004,1376,50735.799999999996,2024-09-12
1879,40777,8155.400000000001,4077.7000000000003,1115,51895.1,2024-01-20
1880,65535,13107.0,6553.5,1293,83902.5,2024-06-11
1881,68944,13788.800000000001,6894.400000000001,2424,87203.2,2024-07-20
1882,31959,6391.8,3195.9,4926,36620.700000000004,2024-09-06
1883,59293,11858.6,5929.3,2271,74809.90000000001,2024-01-14
1884,40458,8091.6,4045.8,4064,48531.4,2024-04-17
1885,63332,12666.400000000001,6333.200000000001,3184,79147.59999999999,2024-06-06
1886,60834,12166.800000000001,6083.400000000001,1982,77102.2,2024-08-24
1887,30371,6074.200000000001,3037.1000000000004,4965,34517.299999999996,2024-02-13
1888,63010,12602.0,6301.0,3627,78286.0,2024-04-27
1889,42593,8518.6,4259.3,1434,53936.9,2024-04-10
1890,42645,8529.0,4264.5,3717,51721.5,2024-09-11
1891,41722,8344.4,4172.2,1089,53149.6,2024-08-01
1892,68339,13667.800000000001,6833.900000000001,2233,86607.7,2024-01-13
1893,60701,12140.2,6070.1,1363,77548.3,2024-05-23
1894,43541,8708.2,4354.1,2005,54598.299999999996,2024-03-21
1895,66212,13242.400000000001,6621.200000000001,4774,81301.59999999999,2024-05-16
1896,34358,6871.6,3435.8,4422,40243.4,2024-08-30
1897,49321,9864.2,4932.1,2021,62096.299999999996,2024-02-07
1898,36546,7309.200000000001,3654.6000000000004,1224,46285.799999999996,2024-01-06
1899,69954,13990.800000000001,6995.400000000001,1518,89422.2,2024-09-02
1900,54049,10809.800000000001,5404.900000000001,2400,67863.7,2024-04-11
1901,38681,7736.200000000001,3868.1000000000004,3636,46649.299999999996,2024-08-13
1902,41953,8390.6,4195.3,3677,50861.9,2024-05-08
1903,65906,13181.2,6590.6,1274,84403.8,2024-08-28
1904,59655,11931.0,5965.5,1383,76168.5,2024-02-10
1905,64026,12805.2,6402.6,3141,80092.8,2024-08-04
1906,49677,9935.400000000001,4967.700000000001,1533,63047.100000000006,2024-09-09
1907,43931,8786.2,4393.1,2972,54138.299999999996,2024-04-25
1908,55224,11044.800000000001,5522.400000000001,3548,68243.2,2024-02-21
1909,64603,12920.6,6460.3,4475,79508.90000000001,2024-05-13
1910,49905,9981.0,4990.5,4069,60807.5,2024-08-24
1911,67923,13584.6,6792.3,2603,85696.90000000001,2024-02-18
1912,62030,12406.0,6203.0,2478,78161.0,2024-01-13
1913,50890,10178.0,5089.0,1560,64597.0,2024-07-23
1914,58307,11661.400000000001,5830.700000000001,4237,71562.09999999999,2024-05-16
1915,68760,13752.0,6876.0,4969,84419.0,2024-06-06
1916,41874,8374.800000000001,4187.400000000001,4486,49950.200000000004,2024-06-18
1917,64153,12830.6,6415.3,1855,81543.90000000001,2024-03-06
1918,65504,13100.800000000001,6550.400000000001,4845,80310.2,2024-02-10
1919,62385,12477.0,6238.5,2536,78564.5,2024-04-25
1920,58451,11690.2,5845.1,2117,73869.3,2024-02-06
1921,37741,7548.200000000001,3774.1000000000004,2285,46778.299999999996,2024-06-28
1922,41090,8218.0,4109.0,4451,48966.0,2024-09-04
1923,42158,8431.6,4215.8,4744,50061.4,2024-04-02
1924,66036,13207.2,6603.6,2563,83283.8,2024-04-01
1925,54276,10855.2,5427.6,3990,66568.8,2024-04-08
1926,58933,11786.6,5893.3,1152,75460.90000000001,2024-04-13
1927,47787,9557.4,4778.7,4901,57222.1,2024-05-01
1928,59718,11943.6,5971.8,1648,75985.40000000001,2024-04-13
1929,31446,6289.200000000001,3144.6000000000004,2260,38619.799999999996,2024-06-29
1930,59538,11907.6,5953.8,3578,73821.40000000001,2024-07-08
1931,65030,13006.0,6503.0,4541,79998.0,2024-05-29
1932,39024,7804.8,3902.4,1392,49339.200000000004,2024-04-07
1933,52191,10438.2,5219.1,1680,66168.3,2024-08-31
1934,47062,9412.4,4706.2,4918,56262.6,2024-06-30
1935,50456,10091.2,5045.6,4398,61194.8,2024-05-03
1936,30512,6102.400000000001,3051.2000000000003,1480,38185.6,2024-03-19
1937,50642,10128.400000000001,5064.200000000001,3871,61963.600000000006,2024-09-13
1938,38530,7706.0,3853.0,1095,48994.0,2024-03-05
1939,32835,6567.0,3283.5,3461,39224.5,2024-01-11
1940,48099,9619.800000000001,4809.900000000001,1174,61354.700000000004,2024-06-24
1941,65652,13130.400000000001,6565.200000000001,2754,82593.59999999999,2024-07-04
1942,55378,11075.6,5537.8,2872,69119.40000000001,2024-08-29
1943,55859,11171.800000000001,5585.900000000001,4985,67631.7,2024-04-22
1944,40411,8082.200000000001,4041.1000000000004,4316,48218.299999999996,2024-02-18
1945,51221,10244.2,5122.1,1312,65275.3,2024-06-27
1946,32120,6424.0,3212.0,2734,39022.0,2024-08-13
1947,49837,9967.400000000001,4983.700000000001,1379,63409.100000000006,2024-08-05
1948,37054,7410.8,3705.4,2401,45769.200000000004,2024-07-13
1949,38693,7738.6,3869.3,4496,45804.9,2024-05-12
1950,49124,9824.800000000001,4912.400000000001,4135,59726.200000000004,2024-01-31
1951,56747,11349.400000000001,5674.700000000001,2364,71407.09999999999,2024-07-09
1952,60866,12173.2,6086.6,2233,76892.8,2024-09-16
1953,31454,6290.8,3145.4,4996,35894.200000000004,2024-02-27
1954,38627,7725.400000000001,3862.7000000000003,1892,48323.1,2024-01-15
1955,69570,13914.0,6957.0,2846,87595.0,2024-02-01
1956,52813,10562.6,5281.3,4843,63813.899999999994,2024-01-08
1957,31653,6330.6,3165.3,1424,39724.9,2024-04-11
1958,62401,12480.2,6240.1,1584,79537.3,2024-06-23
1959,62309,12461.800000000001,6230.900000000001,2489,78512.7,2024-06-21
1960,54723,10944.6,5472.3,1659,69480.90000000001,2024-03-27
1961,68566,13713.2,6856.6,3413,85722.8,2024-04-10
1962,56692,11338.400000000001,5669.200000000001,3455,70244.59999999999,2024-04-30
1963,32416,6483.200000000001,3241.6000000000004,2071,40069.799999999996,2024-05-25
1964,51603,10320.6,5160.3,3112,63971.899999999994,2024-03-19
1965,39186,7837.200000000001,3918.6000000000004,4849,46092.799999999996,2024-08-02
1966,58544,11708.800000000001,5854.400000000001,1613,74494.2,2024-08-14
1967,47676,9535.2,4767.6,3779,58199.799999999996,2024-02-02
1968,42420,8484.0,4242.0,4644,50502.0,2024-06-28
1969,32593,6518.6,3259.3,4254,38116.9,2024-03-21
1970,47132,9426.4,4713.2,2890,58381.6,2024-01-12
1971,41618,8323.6,4161.8,2661,51442.4,2024-08-19
1972,64696,12939.2,6469.6,2839,81265.8,2024-07-19
1973,64974,12994.800000000001,6497.400000000001,2121,82345.2,2024-08-05
1974,58985,11797.0,5898.5,4728,71952.5,2024-05-09
1975,58899,11779.800000000001,5889.900000000001,4561,72007.7,2024-06-10
1976,38146,7629.200000000001,3814.6000000000004,4046,45543.799999999996,2024-06-30
1977,65675,13135.0,6567.5,4642,80735.5,2024-08-26
1978,44804,8960.800000000001,4480.400000000001,2922,55323.200000000004,2024-07-15
1979,49647,9929.400000000001,4964.700000000001,4993,59548.100000000006,2024-06-20
1980,39652,7930.400000000001,3965.2000000000003,3819,47728.6,2024-06-17
1981,55026,11005.2,5502.6,3090,68443.8,2024-09-02
1982,39238,7847.6,3923.8,3545,47464.4,2024-06-28
1983,53449,10689.800000000001,5344.900000000001,2108,67375.7,2024-01-01
1984,40220,8044.0,4022.0,4565,47721.0,2024-08-18
1985,34150,6830.0,3415.0,3704,40691.0,2024-01-01
1986,52064,10412.800000000001,5206.400000000001,3948,63735.2,2024-07-02
1987,33994,6798.8,3399.4,4328,39864.200000000004,2024-04-29
1988,37990,7598.0,3799.0,4147,45240.0,2024-09-06
1989,32700,6540.0,3270.0,1782,40728.0,2024-06-14
1990,36771,7354.200000000001,3677.1000000000004,2373,45429.299999999996,2024-02-02
1991,50874,10174.800000000001,5087.400000000001,3529,62607.2,2024-07-01
1992,53208,10641.6,5320.8,2870,66300.4,2024-01-09
1993,38235,7647.0,3823.5,3725,45980.5,2024-06-05
1994,45198,9039.6,4519.8,1811,56946.4,2024-09-13
1995,69585,13917.0,6958.5,1355,89105.5,2024-01-25
1996,41035,8207.0,4103.5,3550,49795.5,2024-07-21
1997,30320,6064.0,3032.0,4131,35285.0,2024-02-27
1998,46894,9378.800000000001,4689.400000000001,1241,59721.200000000004,2024-09-04
1999,40022,8004.400000000001,4002.2000000000003,2989,49039.6,2024-06-25
2000,60888,12177.6,6088.8,1469,77685.40000000001,2024-03-24
2001,54456,10891.2,5445.6,1957,68835.8,2024-02-28
2002,52921,10584.2,5292.1,1742,67055.3,2024-01-27
2003,40326,8065.200000000001,4032.6000000000004,1362,51061.799999999996,2024-02-24
2004,35012,7002.400000000001,3501.2000000000003,3908,41607.6,2024-07-07
2005,38612,7722.400000000001,3861.2000000000003,2166,48029.6,2024-07-30
2006,59371,11874.2,5937.1,3906,73276.3,2024-07-23
2007,44092,8818.4,4409.2,2971,54348.6,2024-08-20
2008,37082,7416.400000000001,3708.2000000000003,3226,44980.6,2024-05-01
2009,41976,8395.2,4197.6,4876,49692.799999999996,2024-01-20
2010,63198,12639.6,6319.8,2689,79468.40000000001,2024-01-07
2011,33012,6602.400000000001,3301.2000000000003,4335,38580.6,2024-04-09
2012,38545,7709.0,3854.5,1504,48604.5,2024-04-09
2013,46135,9227.0,4613.5,2206,57769.5,2024-08-29
2014,56030,11206.0,5603.0,4103,68736.0,2024-01-22
2015,69203,13840.6,6920.3,3009,86954.90000000001,2024-07-02
2016,47468,9493.6,4746.8,2777,58931.4,2024-03-07
2017,51760,10352.0,5176.0,4294,62994.0,2024-08-15
2018,53854,10770.800000000001,5385.400000000001,1671,68339.2,2024-04-16
2019,44321,8864.2,4432.1,2534,55083.299999999996,2024-04-09
2020,63655,12731.0,6365.5,2463,80288.5,2024-04-26
2021,41614,8322.800000000001,4161.400000000001,1992,52106.200000000004,2024-06-20
2022,63884,12776.800000000001,6388.400000000001,4842,78207.2,2024-01-12
2023,52795,10559.0,5279.5,2287,66346.5,2024-03-08
2024,66492,13298.400000000001,6649.200000000001,4242,82197.59999999999,2024-07-13
2025,35891,7178.200000000001,3589.1000000000004,1445,45213.299999999996,2024-08-10
2026,67561,13512.2,6756.1,2437,85392.3,2024-09-07
2027,45267,9053.4,4526.7,3263,55584.1,2024-06-04
2028,55300,11060.0,5530.0,2151,69739.0,2024-02-18
2029,65193,13038.6,6519.3,4380,80370.90000000001,2024-04-17
2030,30649,6129.8,3064.9,2721,37122.700000000004,2024-03-25
2031,60521,12104.2,6052.1,1786,76891.3,2024-01-09
2032,47495,9499.0,4749.5,3633,58110.5,2024-08-30
2033,66118,13223.6,6611.8,4491,81462.40000000001,2024-06-16
2034,41500,8300.0,4150.0,4014,49936.0,2024-03-08
2035,63449,12689.800000000001,6344.900000000001,3518,78965.7,2024-05-01
2036,44512,8902.4,4451.2,1908,55957.6,2024-08-14
2037,58506,11701.2,5850.6,4056,72001.8,2024-04-11
2038,43441,8688.2,4344.1,1154,55319.299999999996,2024-07-06
2039,68695,13739.0,6869.5,2978,86325.5,2024-08-05
2040,42744,8548.800000000001,4274.400000000001,4180,51387.200000000004,2024-02-10
2041,46258,9251.6,4625.8,4617,55518.4,2024-06-12
2042,54745,10949.0,5474.5,1217,69951.5,2024-05-06
2043,38768,7753.6,3876.8,3728,46670.4,2024-01-14
2044,38966,7793.200000000001,3896.6000000000004,1072,49583.799999999996,2024-05-03
2045,60806,12161.2,6080.6,4648,74399.8,2024-09-11
2046,59572,11914.400000000001,5957.200000000001,4782,72661.59999999999,2024-06-18
2047,55486,11097.2,5548.6,3618,68513.8,2024-07-03
2048,54448,10889.6,5444.8,2339,68443.4,2024-08-09
2049,53508,10701.6,5350.8,4465,65095.399999999994,2024-07-26
2050,68082,13616.400000000001,6808.200000000001,1111,87395.59999999999,2024-05-08
2051,64422,12884.400000000001,6442.200000000001,4937,78811.59999999999,2024-07-27
2052,65528,13105.6,6552.8,2185,83001.40000000001,2024-05-01
2053,60389,12077.800000000001,6038.900000000001,1206,77299.7,2024-07-25
2054,62796,12559.2,6279.6,1771,79863.8,2024-04-07
2055,36489,7297.8,3648.9,2086,45349.700000000004,2024-03-27
2056,45938,9187.6,4593.8,1888,57831.4,2024-01-29
2057,36863,7372.6,3686.3,2720,45201.9,2024-03-22
2058,67837,13567.400000000001,6783.700000000001,3060,85128.09999999999,2024-02-05
2059,56497,11299.400000000001,5649.700000000001,1526,71920.09999999999,2024-01-11
2060,44474,8894.800000000001,4447.400000000001,4202,53614.200000000004,2024-07-16
2061,64841,12968.2,6484.1,3763,80530.3,2024-08-14
2062,61740,12348.0,6174.0,1877,78385.0,2024-08-22
2063,59629,11925.800000000001,5962.900000000001,2324,75193.7,2024-04-15
2064,51503,10300.6,5150.3,2316,64637.899999999994,2024-09-11
2065,66333,13266.6,6633.3,4321,81911.90000000001,2024-08-25
2066,46210,9242.0,4621.0,3219,56854.0,2024-04-15
2067,49518,9903.6,4951.8,2312,62061.4,2024-07-31
2068,35743,7148.6,3574.3,4348,42117.9,2024-06-11
2069,53000,10600.0,5300.0,4297,64603.0,2024-04-21
2070,63755,12751.0,6375.5,2939,79942.5,2024-05-09
2071,41637,8327.4,4163.7,3671,50457.1,2024-01-27
2072,55581,11116.2,5558.1,3339,68916.3,2024-06-25
2073,39705,7941.0,3970.5,4901,46715.5,2024-03-14
2074,30742,6148.400000000001,3074.2000000000003,2956,37008.6,2024-02-05
2075,37302,7460.400000000001,3730.2000000000003,3314,45178.6,2024-06-20
2076,58613,11722.6,5861.3,3737,72459.90000000001,2024-01-17
2077,68026,13605.2,6802.6,2124,86309.8,2024-02-13
2078,41374,8274.800000000001,4137.400000000001,3813,49973.200000000004,2024-02-06
2079,51965,10393.0,5196.5,3147,64407.5,2024-07-11
2080,61597,12319.400000000001,6159.700000000001,4200,75876.09999999999,2024-02-18
2081,38386,7677.200000000001,3838.6000000000004,2715,47186.799999999996,2024-05-05
2082,30664,6132.8,3066.4,2456,37407.200000000004,2024-03-23
2083,45335,9067.0,4533.5,2097,56838.5,2024-05-22
2084,61845,12369.0,6184.5,4832,75566.5,2024-04-29
2085,59591,11918.2,5959.1,1573,75895.3,2024-04-29
2086,34197,6839.400000000001,3419.7000000000003,3153,41303.1,2024-06-25
2087,44860,8972.0,4486.0,2650,55668.0,2024-05-31
2088,60491,12098.2,6049.1,2278,76360.3,2024-06-06
2089,40253,8050.6,4025.3,1836,50492.9,2024-04-30
2090,37901,7580.200000000001,3790.1000000000004,4329,44942.299999999996,2024-04-09
2091,33007,6601.400000000001,3300.7000000000003,2827,40082.1,2024-02-15
2092,37636,7527.200000000001,3763.6000000000004,2531,46395.799999999996,2024-01-02
2093,55259,11051.800000000001,5525.900000000001,2172,69664.7,2024-03-10
2094,67491,13498.2,6749.1,3888,83850.3,2024-06-05
2095,62991,12598.2,6299.1,1393,80495.3,2024-08-13
2096,35825,7165.0,3582.5,1379,45193.5,2024-09-16
2097,35654,7130.8,3565.4,4492,41858.200000000004,2024-05-03
2098,30618,6123.6,3061.8,4192,35611.4,2024-09-04
2099,60242,12048.400000000001,6024.200000000001,2448,75866.59999999999,2024-08-27
2100,60743,12148.6,6074.3,1655,77310.90000000001,2024-01-10
2101,69634,13926.800000000001,6963.400000000001,4687,85837.2,2024-05-11
2102,38889,7777.8,3888.9,1339,49216.700000000004,2024-03-15
2103,41979,8395.800000000001,4197.900000000001,3142,51430.700000000004,2024-07-06
2104,33060,6612.0,3306.0,3694,39284.0,2024-05-21
2105,63054,12610.800000000001,6305.400000000001,3737,78233.2,2024-04-13
2106,33327,6665.400000000001,3332.7000000000003,1761,41564.1,2024-01-07
2107,32543,6508.6,3254.3,4448,37857.9,2024-01-16
2108,59522,11904.400000000001,5952.200000000001,1220,76158.59999999999,2024-03-03
2109,59847,11969.400000000001,5984.700000000001,2779,75022.09999999999,2024-03-02
2110,55154,11030.800000000001,5515.400000000001,4676,67024.2,2024-07-05
2111,52734,10546.800000000001,5273.400000000001,1979,66575.2,2024-06-22
2112,37984,7596.8,3798.4,4806,44573.200000000004,2024-09-18
2113,57746,11549.2,5774.6,4786,70283.8,2024-09-01
2114,53800,10760.0,5380.0,3544,66396.0,2024-05-17
2115,43248,8649.6,4324.8,1000,55222.4,2024-04-27
2116,30982,6196.400000000001,3098.2000000000003,2218,38058.6,2024-01-27
2117,45667,9133.4,4566.7,4047,55320.1,2024-01-18
2118,59931,11986.2,5993.1,2284,75626.3,2024-05-23
2119,59232,11846.400000000001,5923.200000000001,2704,74297.59999999999,2024-02-12
2120,60100,12020.0,6010.0,2229,75901.0,2024-08-12
2121,31680,6336.0,3168.0,4058,37126.0,2024-07-12
2122,45018,9003.6,4501.8,1166,57357.4,2024-01-19
2123,61139,12227.800000000001,6113.900000000001,4182,75298.7,2024-01-29
2124,67615,13523.0,6761.5,1767,86132.5,2024-08-11
2125,43904,8780.800000000001,4390.400000000001,3152,53923.200000000004,2024-06-09
2126,55276,11055.2,5527.6,3012,68846.8,2024-01-18
2127,38680,7736.0,3868.0,1895,48389.0,2024-05-15
2128,50644,10128.800000000001,5064.400000000001,3424,62413.2,2024-09-01
2129,57777,11555.400000000001,5777.700000000001,4067,71043.09999999999,2024-05-03
2130,64991,12998.2,6499.1,3728,80760.3,2024-06-24
2131,51795,10359.0,5179.5,2592,64741.5,2024-08-15
2132,31638,6327.6,3163.8,2887,38242.4,2024-01-19
2133,65029,13005.800000000001,6502.900000000001,1121,83416.7,2024-07-10
2134,42105,8421.0,4210.5,1441,53295.5,2024-06-16
2135,32210,6442.0,3221.0,4206,37667.0,2024-05-28
2136,61389,12277.800000000001,6138.900000000001,4716,75089.7,2024-09-15
2137,64154,12830.800000000001,6415.400000000001,1574,81826.2,2024-02-09
2138,49295,9859.0,4929.5,3430,60653.5,2024-09-10
2139,58749,11749.800000000001,5874.900000000001,4736,71637.7,2024-02-19
2140,57987,11597.400000000001,5798.700000000001,4208,71175.09999999999,2024-01-01
2141,39135,7827.0,3913.5,1623,49252.5,2024-06-07
2142,31763,6352.6,3176.3,3650,37641.9,2024-02-29
2143,45866,9173.2,4586.6,4950,54675.799999999996,2024-06-20
2144,60405,12081.0,6040.5,1355,77171.5,2024-08-11
2145,61536,12307.2,6153.6,1194,78802.8,2024-03-15
2146,61950,12390.0,6195.0,3013,77522.0,2024-06-07
2147,44018,8803.6,4401.8,3766,53457.4,2024-03-29
2148,42805,8561.0,4280.5,4354,51292.5,2024-06-29
2149,30397,6079.400000000001,3039.7000000000003,4080,35436.1,2024-01-04
2150,42193,8438.6,4219.3,2477,52373.9,2024-03-29
2151,61564,12312.800000000001,6156.400000000001,2770,77263.2,2024-08-13
2152,62028,12405.6,6202.8,1773,78863.40000000001,2024-06-22
2153,62076,12415.2,6207.6,3808,76890.8,2024-02-02
2154,35163,7032.6,3516.3,3459,42252.9,2024-09-15
2155,43910,8782.0,4391.0,2048,55035.0,2024-01-25
2156,53699,10739.800000000001,5369.900000000001,4126,65682.7,2024-03-02
2157,33743,6748.6,3374.3,1316,42549.9,2024-07-10
2158,33885,6777.0,3388.5,2398,41652.5,2024-09-06
2159,68029,13605.800000000001,6802.900000000001,4556,83881.7,2024-02-16
2160,42064,8412.800000000001,4206.400000000001,3965,50718.200000000004,2024-04-26
2161,61376,12275.2,6137.6,2976,76812.8,2024-08-03
2162,47021,9404.2,4702.1,1969,59158.299999999996,2024-08-25
2163,40001,8000.200000000001,4000.1000000000004,3169,48832.299999999996,2024-04-16
2164,48688,9737.6,4868.8,3513,59781.4,2024-05-25
2165,50352,10070.400000000001,5035.200000000001,3328,62129.600000000006,2024-03-25
2166,64192,12838.400000000001,6419.200000000001,2206,81243.59999999999,2024-08-23
2167,36606,7321.200000000001,3660.6000000000004,2009,45578.799999999996,2024-07-12
2168,54308,10861.6,5430.8,3634,66966.4,2024-02-25
2169,66036,13207.2,6603.6,4964,80882.8,2024-02-01
2170,52944,10588.800000000001,5294.400000000001,2714,66113.2,2024-02-18
2171,61930,12386.0,6193.0,4665,75844.0,2024-02-07
2172,45790,9158.0,4579.0,4503,55024.0,2024-05-31
2173,43749,8749.800000000001,4374.900000000001,3816,53057.700000000004,2024-08-14
2174,36181,7236.200000000001,3618.1000000000004,1061,45974.299999999996,2024-06-02
2175,66544,13308.800000000001,6654.400000000001,2876,83631.2,2024-08-21
2176,52880,10576.0,5288.0,3468,65276.0,2024-05-23
2177,34041,6808.200000000001,3404.1000000000004,3294,40959.299999999996,2024-07-28
2178,61177,12235.400000000001,6117.700000000001,4298,75232.09999999999,2024-07-29
2179,62663,12532.6,6266.3,1324,80137.90000000001,2024-01-10
2180,53480,10696.0,5348.0,1535,67989.0,2024-07-18
2181,66140,13228.0,6614.0,4753,81229.0,2024-06-24
2182,62432,12486.400000000001,6243.200000000001,2628,78533.59999999999,2024-07-14
2183,47042,9408.4,4704.2,4288,56866.6,2024-04-27
2184,48015,9603.0,4801.5,3840,58579.5,2024-02-19
2185,66245,13249.0,6624.5,4616,81502.5,2024-04-17
2186,54814,10962.800000000001,5481.400000000001,1262,69996.2,2024-03-06
2187,38866,7773.200000000001,3886.6000000000004,2804,47721.799999999996,2024-07-15
2188,49271,9854.2,4927.1,1503,62549.299999999996,2024-01-21
2189,41665,8333.0,4166.5,4507,49657.5,2024-02-06
2190,61168,12233.6,6116.8,4143,75375.40000000001,2024-03-06
2191,57076,11415.2,5707.6,2928,71270.8,2024-06-21
2192,49156,9831.2,4915.6,1046,62856.799999999996,2024-04-01
2193,63430,12686.0,6343.0,4494,77965.0,2024-04-30
2194,32440,6488.0,3244.0,1551,40621.0,2024-05-06
2195,54883,10976.6,5488.3,4885,66462.90000000001,2024-06-01
2196,47756,9551.2,4775.6,1632,60450.799999999996,2024-08-27
2197,66056,13211.2,6605.6,1775,84097.8,2024-08-13
2198,30554,6110.8,3055.4,1841,37879.200000000004,2024-02-16
2199,58342,11668.400000000001,5834.200000000001,3398,72446.59999999999,2024-06-05
2200,56745,11349.0,5674.5,2059,71709.5,2024-08-19
2201,59241,11848.2,5924.1,1060,75953.3,2024-05-04
2202,41981,8396.2,4198.1,2791,51784.299999999996,2024-07-07
2203,36763,7352.6,3676.3,3631,44160.9,2024-09-04
2204,40320,8064.0,4032.0,4320,48096.0,2024-05-15
2205,60127,12025.400000000001,6012.700000000001,4433,73732.09999999999,2024-07-26
2206,42308,8461.6,4230.8,1632,53368.4,2024-08-02
2207,69694,13938.800000000001,6969.400000000001,1481,89121.2,2024-04-23
2208,39298,7859.6,3929.8,2458,48629.4,2024-08-31
2209,52116,10423.2,5211.6,3972,63778.8,2024-03-24
2210,68432,13686.400000000001,6843.200000000001,4934,84027.59999999999,2024-05-09
2211,47479,9495.800000000001,4747.900000000001,4192,57530.700000000004,2024-04-05
2212,69280,13856.0,6928.0,2569,87495.0,2024-04-07
2213,46641,9328.2,4664.1,1694,58939.299999999996,2024-05-23
2214,63259,12651.800000000001,6325.900000000001,3965,78271.7,2024-06-02
2215,53312,10662.400000000001,5331.200000000001,4425,64880.600000000006,2024-06-29
2216,33688,6737.6,3368.8,4974,38820.4,2024-03-27
2217,62982,12596.400000000001,6298.200000000001,3010,78866.59999999999,2024-03-12
2218,43815,8763.0,4381.5,3636,53323.5,2024-06-30
2219,61634,12326.800000000001,6163.400000000001,2325,77799.2,2024-04-02
2220,62001,12400.2,6200.1,1626,78975.3,2024-03-26
2221,64397,12879.400000000001,6439.700000000001,2552,81164.09999999999,2024-01-21
2222,45879,9175.800000000001,4587.900000000001,4846,54796.700000000004,2024-05-19
2223,68411,13682.2,6841.1,1652,87282.3,2024-08-10
2224,64590,12918.0,6459.0,2963,81004.0,2024-03-04
2225,55490,11098.0,5549.0,4651,67486.0,2024-09-01
2226,59982,11996.400000000001,5998.200000000001,1658,76318.59999999999,2024-07-19
2227,35207,7041.400000000001,3520.7000000000003,2938,42831.1,2024-06-23
2228,30479,6095.8,3047.9,1247,38375.700000000004,2024-03-14
2229,42343,8468.6,4234.3,1435,53610.9,2024-08-15
2230,57005,11401.0,5700.5,4663,69443.5,2024-08-13
2231,65096,13019.2,6509.6,3856,80768.8,2024-02-20
2232,36035,7207.0,3603.5,4931,41914.5,2024-06-07
2233,32564,6512.8,3256.4,3320,39013.200000000004,2024-05-12
2234,61943,12388.6,6194.3,3025,77500.90000000001,2024-03-24
2235,44570,8914.0,4457.0,2686,55255.0,2024-08-30
2236,49563,9912.6,4956.3,2568,61863.9,2024-01-22
2237,42860,8572.0,4286.0,1405,54313.0,2024-05-21
2238,62372,12474.400000000001,6237.200000000001,2394,78689.59999999999,2024-02-21
2239,48952,9790.4,4895.2,3053,60584.6,2024-06-09
2240,64889,12977.800000000001,6488.900000000001,1399,82956.7,2024-08-01
2241,57599,11519.800000000001,5759.900000000001,3827,71051.7,2024-08-21
2242,30715,6143.0,3071.5,2247,37682.5,2024-01-17
2243,68230,13646.0,6823.0,3705,84994.0,2024-03-19
2244,50098,10019.6,5009.8,2073,63054.4,2024-09-15
2245,64952,12990.400000000001,6495.200000000001,3930,80507.59999999999,2024-06-27
2246,53228,10645.6,5322.8,3479,65717.4,2024-04-20
2247,33668,6733.6,3366.8,2842,40926.4,2024-09-18
2248,34290,6858.0,3429.0,4670,39907.0,2024-08-02
2249,67385,13477.0,6738.5,2901,84699.5,2024-02-01
2250,52004,10400.800000000001,5200.400000000001,1225,66380.2,2024-03-11
2251,46372,9274.4,4637.2,1121,59162.6,2024-05-29
2252,50180,10036.0,5018.0,2897,62337.0,2024-09-05
2253,31724,6344.8,3172.4,2626,38615.200000000004,2024-02-19
2254,34691,6938.200000000001,3469.1000000000004,1309,43789.299999999996,2024-02-10
2255,68174,13634.800000000001,6817.400000000001,2545,86081.2,2024-07-03
2256,59005,11801.0,5900.5,2604,74102.5,2024-07-11
2257,50560,10112.0,5056.0,2134,63594.0,2024-03-22
2258,46639,9327.800000000001,4663.900000000001,3617,57013.700000000004,2024-06-24
2259,43879,8775.800000000001,4387.900000000001,3036,54006.700000000004,2024-01-31
2260,32578,6515.6,3257.8,3125,39226.4,2024-07-19
2261,69036,13807.2,6903.6,4069,85677.8,2024-01-12
2262,41622,8324.4,4162.2,3274,50834.6,2024-08-30
2263,68035,13607.0,6803.5,3003,85442.5,2024-04-19
2264,38165,7633.0,3816.5,3708,45906.5,2024-09-13
2265,57332,11466.400000000001,5733.200000000001,1878,72653.59999999999,2024-07-27
2266,52360,10472.0,5236.0,3203,64865.0,2024-03-17
2267,45572,9114.4,4557.2,3641,55602.6,2024-03-04
2268,67537,13507.400000000001,6753.700000000001,2319,85479.09999999999,2024-02-16
2269,60972,12194.400000000001,6097.200000000001,4507,74756.59999999999,2024-01-03
2270,68604,13720.800000000001,6860.400000000001,1188,87997.2,2024-07-26
2271,36466,7293.200000000001,3646.6000000000004,4914,42491.799999999996,2024-04-21
2272,34634,6926.8,3463.4,3719,41305.200000000004,2024-09-03
2273,38937,7787.400000000001,3893.7000000000003,3655,46963.1,2024-06-27
2274,33302,6660.400000000001,3330.2000000000003,1139,42153.6,2024-08-24
2275,51516,10303.2,5151.6,4396,62574.8,2024-06-14
2276,67307,13461.400000000001,6730.700000000001,1102,86397.09999999999,2024-03-19
2277,68571,13714.2,6857.1,4031,85111.3,2024-09-15
2278,41353,8270.6,4135.3,2270,51488.9,2024-07-25
2279,60508,12101.6,6050.8,2629,76031.40000000001,2024-03-20
2280,62974,12594.800000000001,6297.400000000001,2252,79614.2,2024-03-31
2281,32430,6486.0,3243.0,1549,40610.0,2024-04-09
2282,56945,11389.0,5694.5,3220,70808.5,2024-08-19
2283,36737,7347.400000000001,3673.7000000000003,2956,44802.1,2024-03-30
2284,32167,6433.400000000001,3216.7000000000003,3183,38634.1,2024-05-06
2285,61357,12271.400000000001,6135.700000000001,4397,75367.09999999999,2024-09-14
2286,35568,7113.6,3556.8,4595,41643.4,2024-07-24
2287,38446,7689.200000000001,3844.6000000000004,3018,46961.799999999996,2024-01-10
2288,32563,6512.6,3256.3,1126,41205.9,2024-01-11
2289,36620,7324.0,3662.0,3783,43823.0,2024-05-09
2290,33660,6732.0,3366.0,4948,38810.0,2024-05-12
2291,68666,13733.2,6866.6,2510,86755.8,2024-07-09
2292,57066,11413.2,5706.6,1875,72310.8,2024-07-02
2293,53023,10604.6,5302.3,3052,65877.9,2024-08-31
2294,60320,12064.0,6032.0,2692,75724.0,2024-01-06
2295,57629,11525.800000000001,5762.900000000001,1615,73302.7,2024-05-23
2296,65156,13031.2,6515.6,3165,81537.8,2024-08-24
2297,36796,7359.200000000001,3679.6000000000004,4003,43831.799999999996,2024-03-23
2298,49325,9865.0,4932.5,2034,62088.5,2024-08-29
2299,53570,10714.0,5357.0,1326,68315.0,2024-02-05
2300,45292,9058.4,4529.2,4034,54845.6,2024-01-08
2301,36844,7368.8,3684.4,4251,43646.200000000004,2024-02-18
2302,60379,12075.800000000001,6037.900000000001,2431,76061.7,2024-01-15
2303,46983,9396.6,4698.3,4780,56297.9,2024-09-15
2304,36211,7242.200000000001,3621.1000000000004,1884,45190.299999999996,2024-06-08
2305,55203,11040.6,5520.3,1829,69934.90000000001,2024-04-29
2306,32578,6515.6,3257.8,2259,40092.4,2024-05-17
2307,63451,12690.2,6345.1,1056,81430.3,2024-07-19
2308,69610,13922.0,6961.0,2119,88374.0,2024-06-19
2309,57003,11400.6,5700.3,1282,72821.90000000001,2024-05-01
2310,65556,13111.2,6555.6,2832,82390.8,2024-04-21
2311,37870,7574.0,3787.0,2579,46652.0,2024-05-08
2312,51639,10327.800000000001,5163.900000000001,3845,63285.7,2024-03-20
2313,44264,8852.800000000001,4426.400000000001,2235,55308.200000000004,2024-05-18
2314,51106,10221.2,5110.6,1996,64441.8,2024-08-21
2315,60292,12058.400000000001,6029.200000000001,4368,74011.59999999999,2024-01-23
2316,42473,8494.6,4247.3,4942,50272.9,2024-08-16
2317,53163,10632.6,5316.3,1887,67224.9,2024-01-30
2318,61681,12336.2,6168.1,1551,78634.3,2024-09-12
2319,50846,10169.2,5084.6,3618,62481.8,2024-08-11
2320,47743,9548.6,4774.3,3658,58407.9,2024-08-14
2321,42186,8437.2,4218.6,2154,52687.799999999996,2024-09-09
2322,31053,6210.6,3105.3,4094,36274.9,2024-02-16
2323,36782,7356.400000000001,3678.2000000000003,2928,44888.6,2024-06-25
2324,66911,13382.2,6691.1,4097,82887.3,2024-01-23
2325,65946,13189.2,6594.6,1391,84338.8,2024-04-26
2326,68617,13723.400000000001,6861.700000000001,3487,85715.09999999999,2024-09-15
2327,36099,7219.8,3609.9,4731,42197.700000000004,2024-07-14
2328,42341,8468.2,4234.1,4294,50749.299999999996,2024-09-13
2329,57316,11463.2,5731.6,4239,70271.8,2024-05-02
2330,34461,6892.200000000001,3446.1000000000004,1689,43110.299999999996,2024-08-28
2331,43315,8663.0,4331.5,2368,53941.5,2024-03-26
2332,64903,12980.6,6490.3,1669,82704.90000000001,2024-03-16
2333,51908,10381.6,5190.8,2649,64831.399999999994,2024-05-24
2334,67018,13403.6,6701.8,3255,83868.40000000001,2024-05-19
2335,31482,6296.400000000001,3148.2000000000003,1286,39640.6,2024-04-03
2336,51758,10351.6,5175.8,4026,63259.399999999994,2024-02-26
2337,69297,13859.400000000001,6929.700000000001,2485,87601.09999999999,2024-07-01
2338,69723,13944.6,6972.3,2330,88309.90000000001,2024-06-18
2339,47746,9549.2,4774.6,2835,59234.799999999996,2024-01-17
2340,48735,9747.0,4873.5,2707,60648.5,2024-08-28
2341,36520,7304.0,3652.0,1446,46030.0,2024-08-09
2342,43499,8699.800000000001,4349.900000000001,3257,53291.700000000004,2024-04-04
2343,53800,10760.0,5380.0,3818,66122.0,2024-07-17
2344,32445,6489.0,3244.5,4257,37921.5,2024-04-09
2345,40672,8134.400000000001,4067.2000000000003,3342,49531.6,2024-01-24
2346,42869,8573.800000000001,4286.900000000001,3640,52089.700000000004,2024-07-29
2347,69238,13847.6,6923.8,4831,85178.40000000001,2024-05-12
2348,68878,13775.6,6887.8,4012,85529.40000000001,2024-01-22
2349,45974,9194.800000000001,4597.400000000001,2755,57011.200000000004,2024-05-14
2350,40945,8189.0,4094.5,3280,49948.5,2024-05-17
2351,40426,8085.200000000001,4042.6000000000004,3270,49283.799999999996,2024-04-22
2352,51084,10216.800000000001,5108.400000000001,1510,64899.2,2024-03-10
2353,36093,7218.6,3609.3,4436,42484.9,2024-06-12
2354,34275,6855.0,3427.5,2421,42136.5,2024-05-13
2355,35883,7176.6,3588.3,2939,43708.9,2024-01-03
2356,34905,6981.0,3490.5,4107,41269.5,2024-07-22
2357,43661,8732.2,4366.1,1418,55341.299999999996,2024-04-01
2358,57851,11570.2,5785.1,1584,73622.3,2024-09-08
2359,60713,12142.6,6071.3,4420,74506.90000000001,2024-02-23
2360,65650,13130.0,6565.0,3214,82131.0,2024-09-11
2361,51896,10379.2,5189.6,2078,65386.8,2024-07-29
2362,30153,6030.6,3015.3,1007,38191.9,2024-04-22
2363,60460,12092.0,6046.0,1943,76655.0,2024-09-10
2364,61621,12324.2,6162.1,2150,77957.3,2024-02-15
2365,33338,6667.6,3333.8,2403,40936.4,2024-08-26
2366,56664,11332.800000000001,5666.400000000001,2811,70852.2,2024-02-13
2367,45329,9065.800000000001,4532.900000000001,3290,55637.700000000004,2024-02-11
2368,60605,12121.0,6060.5,4958,73828.5,2024-09-09
2369,65773,13154.6,6577.3,4997,80507.90000000001,2024-08-11
2370,44033,8806.6,4403.3,2462,54780.9,2024-01-15
2371,45932,9186.4,4593.2,1913,57798.6,2024-05-15
2372,48405,9681.0,4840.5,1458,61468.5,2024-06-27
2373,38777,7755.400000000001,3877.7000000000003,4735,45675.1,2024-01-02
2374,66987,13397.400000000001,6698.700000000001,3765,83318.09999999999,2024-01-01
2375,67986,13597.2,6798.6,2007,86374.8,2024-06-20
2376,31944,6388.8,3194.4,3108,38419.200000000004,2024-07-10
2377,35429,7085.8,3542.9,4039,42018.700000000004,2024-04-29
2378,51111,10222.2,5111.1,1708,64736.3,2024-07-28
2379,68314,13662.800000000001,6831.400000000001,4113,84695.2,2024-08-14
2380,66751,13350.2,6675.1,2748,84028.3,2024-05-23
2381,47175,9435.0,4717.5,4663,56664.5,2024-08-13
2382,69935,13987.0,6993.5,4367,86548.5,2024-01-19
2383,44522,8904.4,4452.2,3391,54487.6,2024-08-28
2384,35715,7143.0,3571.5,4134,42295.5,2024-08-14
2385,61568,12313.6,6156.8,2365,77673.40000000001,2024-04-23
2386,46446,9289.2,4644.6,4516,55863.799999999996,2024-05-27
2387,68731,13746.2,6873.1,2988,86362.3,2024-08-18
2388,37881,7576.200000000001,3788.1000000000004,4454,44791.299999999996,2024-07-01
2389,69115,13823.0,6911.5,2518,87331.5,2024-07-05
2390,65973,13194.6,6597.3,2106,83658.90000000001,2024-05-03
2391,33095,6619.0,3309.5,2839,40184.5,2024-07-06
2392,49656,9931.2,4965.6,4747,59805.799999999996,2024-03-08
2393,49258,9851.6,4925.8,3296,60739.4,2024-05-25
2394,55835,11167.0,5583.5,2799,69786.5,2024-03-03
2395,65414,13082.800000000001,6541.400000000001,3011,82027.2,2024-04-11
2396,68312,13662.400000000001,6831.200000000001,2335,86470.59999999999,2024-09-17
2397,31509,6301.8,3150.9,4547,36414.700000000004,2024-02-11
2398,43783,8756.6,4378.3,4937,51980.9,2024-07-31
2399,56469,11293.800000000001,5646.900000000001,4029,69380.7,2024-06-14
2400,50552,10110.400000000001,5055.200000000001,2597,63120.600000000006,2024-03-07
2401,54018,10803.6,5401.8,3363,66860.4,2024-06-26
2402,30888,6177.6,3088.8,2490,37664.4,2024-03-10
2403,40510,8102.0,4051.0,1967,50696.0,2024-01-28
2404,50446,10089.2,5044.6,1536,64043.8,2024-07-18
2405,39192,7838.400000000001,3919.2000000000003,3072,47877.6,2024-01-19
2406,47225,9445.0,4722.5,2282,59110.5,2024-09-04
2407,33321,6664.200000000001,3332.1000000000004,1808,41509.299999999996,2024-02-23
2408,66545,13309.0,6654.5,1275,85233.5,2024-06-19
2409,42631,8526.2,4263.1,4400,51020.299999999996,2024-03-04
2410,66337,13267.400000000001,6633.700000000001,2595,83643.09999999999,2024-03-22
2411,64151,12830.2,6415.1,3369,80027.3,2024-03-19
2412,67402,13480.400000000001,6740.200000000001,4082,83540.59999999999,2024-05-17
2413,38757,7751.400000000001,3875.7000000000003,4506,45878.1,2024-02-29
2414,63494,12698.800000000001,6349.400000000001,3928,78614.2,2024-01-07
2415,46160,9232.0,4616.0,2988,57020.0,2024-04-30
2416,45816,9163.2,4581.6,3762,55798.799999999996,2024-03-04
2417,42103,8420.6,4210.3,3442,51291.9,2024-09-18
2418,30973,6194.6,3097.3,1499,38765.9,2024-08-28
2419,47388,9477.6,4738.8,1562,60042.4,2024-08-28
2420,40361,8072.200000000001,4036.1000000000004,2676,49793.299999999996,2024-09-05
2421,39681,7936.200000000001,3968.1000000000004,2315,49270.299999999996,2024-09-07
2422,30857,6171.400000000001,3085.7000000000003,3751,36363.1,2024-02-10
2423,44823,8964.6,4482.3,4390,53879.9,2024-02-22
2424,66876,13375.2,6687.6,2812,84126.8,2024-07-17
2425,56019,11203.800000000001,5601.900000000001,2584,70240.7,2024-04-17
2426,58277,11655.400000000001,5827.700000000001,3965,71795.09999999999,2024-04-01
2427,33620,6724.0,3362.0,1940,41766.0,2024-05-20
2428,62744,12548.800000000001,6274.400000000001,2808,78759.2,2024-07-23
2429,38728,7745.6,3872.8,4371,45975.4,2024-05-07
2430,49852,9970.400000000001,4985.200000000001,1194,63613.600000000006,2024-05-16
2431,32547,6509.400000000001,3254.7000000000003,4177,38134.1,2024-04-07
2432,39678,7935.6,3967.8,1199,50382.4,2024-02-21
2433,68558,13711.6,6855.8,2334,86791.40000000001,2024-07-12
2434,69833,13966.6,6983.3,2266,88516.90000000001,2024-06-04
2435,51298,10259.6,5129.8,1751,64936.399999999994,2024-08-30
2436,50180,10036.0,5018.0,2386,62848.0,2024-03-29
2437,41937,8387.4,4193.7,3523,50995.1,2024-03-09
2438,55878,11175.6,5587.8,3644,68997.40000000001,2024-08-13
2439,63374,12674.800000000001,6337.400000000001,2999,79387.2,2024-02-27
2440,40986,8197.2,4098.6,4358,48923.799999999996,2024-01-12
2441,38452,7690.400000000001,3845.2000000000003,1136,48851.6,2024-08-20
2442,32063,6412.6,3206.3,1515,40166.9,2024-03-05
2443,64022,12804.400000000001,6402.200000000001,4096,79132.59999999999,2024-04-01
2444,68689,13737.800000000001,6868.900000000001,1555,87740.7,2024-07-08
2445,34208,6841.6,3420.8,3120,41350.4,2024-02-25
2446,42378,8475.6,4237.8,3043,52048.4,2024-03-11
2447,49627,9925.400000000001,4962.700000000001,2793,61722.100000000006,2024-06-24
2448,39928,7985.6,3992.8,3721,48185.4,2024-06-22
2449,60820,12164.0,6082.0,1051,78015.0,2024-09-07
2450,30945,6189.0,3094.5,3532,36696.5,2024-09-02
2451,40540,8108.0,4054.0,4843,47859.0,2024-06-09
2452,53055,10611.0,5305.5,1896,67075.5,2024-08-13
2453,30652,6130.400000000001,3065.2000000000003,4904,34943.6,2024-08-17
2454,50562,10112.400000000001,5056.200000000001,1676,64054.600000000006,2024-05-20
2455,57647,11529.400000000001,5764.700000000001,3802,71139.09999999999,2024-04-18
2456,68265,13653.0,6826.5,2086,86658.5,2024-04-20
2457,53850,10770.0,5385.0,4933,65072.0,2024-03-28
2458,31050,6210.0,3105.0,3234,37131.0,2024-07-16
2459,32372,6474.400000000001,3237.2000000000003,2074,40009.6,2024-06-10
2460,59724,11944.800000000001,5972.400000000001,4885,72756.2,2024-09-07
2461,40340,8068.0,4034.0,1289,51153.0,2024-03-24
2462,56694,11338.800000000001,5669.400000000001,2051,71651.2,2024-01-18
2463,67831,13566.2,6783.1,1070,87110.3,2024-06-08
2464,31409,6281.8,3140.9,4728,36103.700000000004,2024-01-24
2465,42273,8454.6,4227.3,2427,52527.9,2024-03-01
2466,66526,13305.2,6652.6,1542,84941.8,2024-05-06
2467,51809,10361.800000000001,5180.900000000001,2467,64884.7,2024-03-02
2468,47263,9452.6,4726.3,1256,60185.9,2024-02-02
2469,56251,11250.2,5625.1,1300,71826.3,2024-05-11
2470,45923,9184.6,4592.3,2738,56961.9,2024-09-15
2471,57408,11481.6,5740.8,3644,70986.40000000001,2024-04-25
2472,56306,11261.2,5630.6,1672,71525.8,2024-06-19
2473,31484,6296.8,3148.4,3377,37552.200000000004,2024-01-14
2474,55591,11118.2,5559.1,2296,69972.3,2024-09-12
2475,36418,7283.6,3641.8,2908,44435.4,2024-04-06
2476,43965,8793.0,4396.5,4604,52550.5,2024-02-23
2477,65540,13108.0,6554.0,2206,82996.0,2024-01-17
2478,49079,9815.800000000001,4907.900000000001,3518,60284.700000000004,2024-05-27
2479,54949,10989.800000000001,5494.900000000001,2394,69039.7,2024-04-28
2480,35035,7007.0,3503.5,2928,42617.5,2024-09-08
2481,37020,7404.0,3702.0,1353,46773.0,2024-07-03
2482,58030,11606.0,5803.0,2866,72573.0,2024-03-07
2483,60821,12164.2,6082.1,2799,76268.3,2024-05-17
2484,46024,9204.800000000001,4602.400000000001,3915,55916.200000000004,2024-07-05
2485,44818,8963.6,4481.8,2816,55447.4,2024-09-02
2486,44469,8893.800000000001,4446.900000000001,2974,54835.700000000004,2024-05-10
2487,40696,8139.200000000001,4069.6000000000004,1996,50908.799999999996,2024-07-13
2488,54524,10904.800000000001,5452.400000000001,1441,69440.2,2024-02-10
2489,62851,12570.2,6285.1,2458,79248.3,2024-02-09
2490,62449,12489.800000000001,6244.900000000001,2833,78350.7,2024-01-06
2491,42770,8554.0,4277.0,4194,51407.0,2024-02-13
2492,35339,7067.8,3533.9,2240,43700.700000000004,2024-08-19
2493,35663,7132.6,3566.3,2337,44024.9,2024-07-23
2494,44649,8929.800000000001,4464.900000000001,1933,56110.700000000004,2024-09-07
2495,38582,7716.400000000001,3858.2000000000003,3176,46980.6,2024-08-21
2496,35237,7047.400000000001,3523.7000000000003,2832,42976.1,2024-05-26
2497,32454,6490.8,3245.4,3261,38929.200000000004,2024-02-13
2498,69968,13993.6,6996.8,4451,86507.40000000001,2024-09-09
2499,43576,8715.2,4357.6,1995,54653.799999999996,2024-09-13
2500,48971,9794.2,4897.1,3747,59915.299999999996,2024-05-04
